Name,Start node,End node,Length,Speed limit up (kmh) (Class 1),Speed limit down (kmh) (Class 1),Speed limit up (kmh) (Class 2),Speed limit down (kmh) (Class 2),Gradient ‰,Tunnel,Radius,Note,Zone,Segment ID
P1,N1,N53,172.83500000048767,100.0,100.0,100.0,100.0,0.0,0.0,0.0,,,null
P2,N2,N3,286.609213662225,100.0,100.0,100.0,100.0,0.0,0.0,0.0,,,null
P3,N3,N361,25.204999999940142,100.0,100.0,100.0,100.0,0.0,0.0,0.0,,,null
P4,N5,N54,195.46600000055273,100.0,100.0,100.0,100.0,0.0,0.0,0.0,,,null
P5,N6,N179,1.286999999967703,100.0,100.0,100.0,100.0,0.0,0.0,0.0,,,null
P6,N8,N241,8.241000000049175,100.0,100.0,100.0,100.0,0.0,0.0,0.0,,,null
P7,N9,N10,47.85870254873803,100.0,100.0,100.0,100.0,0.0,0.0,0.0,,,null
P8,N10,N11,68.20887201534111,100.0,100.0,100.0,100.0,0.0,0.0,0.0,,,null
P9,N11,N12,48.30588666717522,100.0,100.0,100.0,100.0,0.0,0.0,0.0,,,null
P10,N12,N13,46.33621466635402,100.0,100.0,100.0,100.0,0.0,0.0,0.0,,,null
P11,N13,N14,35.59593127366079,100.0,100.0,100.0,100.0,0.0,0.0,0.0,,,null
P12,N14,N409,101.27100000007316,100.0,100.0,100.0,100.0,0.0,0.0,0.0,,,null
P13,N15,N381,43.4920000000146,100.0,100.0,100.0,100.0,0.0,0.0,0.0,,,null
P14,N17,N18,421.88807471654667,100.0,100.0,100.0,100.0,0.0,0.0,0.0,,,null
P15,N18,N19,140.85812711313167,100.0,100.0,100.0,100.0,0.0,0.0,0.0,,,null
P16,N19,N254,26.050000000011806,100.0,100.0,100.0,100.0,0.0,0.0,0.0,,,null
P17,N20,N253,39.02900000000443,100.0,100.0,100.0,100.0,0.0,0.0,0.0,,,null
P18,N21,N22,128.47639776236136,100.0,100.0,100.0,100.0,0.0,0.0,0.0,,,null
P19,N22,N97,41.04599999997691,100.0,100.0,100.0,100.0,0.0,0.0,0.0,,,null
P20,N24,N243,15.017999999925618,100.0,100.0,100.0,100.0,0.0,0.0,0.0,,,null
P21,N25,N26,152.5168872678309,100.0,100.0,100.0,100.0,0.0,0.0,0.0,,,null
P22,N26,N27,147.77038779343104,100.0,100.0,100.0,100.0,0.0,0.0,0.0,,,null
P23,N27,N28,178.37114163371527,100.0,100.0,100.0,100.0,0.0,0.0,0.0,,,null
P24,N28,N29,113.9959773778507,100.0,100.0,100.0,100.0,0.0,0.0,0.0,,,null
P25,N29,N350,24.865999999978897,100.0,100.0,100.0,100.0,0.0,0.0,0.0,,,null
P26,N30,N119,125.05700000018602,100.0,100.0,100.0,100.0,0.0,0.0,0.0,,,null
P27,N32,N395,292.0832627534993,100.0,100.0,100.0,100.0,0.0,0.0,0.0,,,null
P28,N33,N34,195.16100045948437,100.0,100.0,100.0,100.0,0.0,0.0,0.0,,,null
P29,N35,N246,105.83500000008135,100.0,100.0,100.0,100.0,0.0,0.0,0.0,,,null
P30,N36,N247,25.15600000004639,100.0,100.0,100.0,100.0,0.0,0.0,0.0,,,null
P31,N35,N37,70.51578950773481,100.0,100.0,100.0,100.0,0.0,0.0,0.0,,,null
P32,N37,N36,76.01357111845279,100.0,100.0,100.0,100.0,0.0,0.0,0.0,,,null
P33,N38,N258,164.49200000038857,100.0,100.0,100.0,100.0,0.0,0.0,0.0,,,null
P34,N39,N61,89.90300000003796,100.0,100.0,100.0,100.0,0.0,0.0,0.0,,,null
P35,N38,N40,164.07710846393735,100.0,100.0,100.0,100.0,0.0,0.0,0.0,,,null
P36,N40,N39,165.49426537150228,100.0,100.0,100.0,100.0,0.0,0.0,0.0,,,null
P37,N41,N63,24.483999999998705,100.0,100.0,100.0,100.0,0.0,0.0,0.0,,,null
P39,N45,N245,205.50300000060545,100.0,100.0,100.0,100.0,0.0,0.0,0.0,,,null
P43,N48,N58,529.3299999944713,100.0,100.0,100.0,100.0,0.0,0.0,0.0,,,null
P48,N53,N45,155.23799999867174,100.0,100.0,100.0,100.0,0.0,0.0,0.0,,,null
P49,N54,N48,175.14599999759218,100.0,100.0,100.0,100.0,0.0,0.0,0.0,,,null
P50,N55,N410,110.44900000016187,100.0,100.0,100.0,100.0,0.0,0.0,0.0,,,null
P51,N56,N59,34.70500000001611,100.0,100.0,100.0,100.0,0.0,0.0,0.0,,,null
P52,N55,N57,78.78618218992327,100.0,100.0,100.0,100.0,0.0,0.0,0.0,,,null
P53,N57,N56,77.67841285710071,100.0,100.0,100.0,100.0,0.0,0.0,0.0,,,null
P54,N58,N39,185.41099998856646,100.0,100.0,100.0,100.0,0.0,0.0,0.0,,,null
P55,N59,N60,16.40700000001326,100.0,100.0,100.0,100.0,0.0,0.0,0.0,,,null
P56,N60,N257,139.93700000031274,100.0,100.0,100.0,100.0,0.0,0.0,0.0,,,null
P57,N61,N259,102.8990000001038,100.0,100.0,100.0,100.0,0.0,0.0,0.0,,,null
P58,N60,N62,150.08878567262698,100.0,100.0,100.0,100.0,0.0,0.0,0.0,,,null
P59,N62,N61,143.89167750889828,100.0,100.0,100.0,100.0,0.0,0.0,0.0,,,null
P60,N63,N249,155.01800000037636,100.0,100.0,100.0,100.0,0.0,0.0,0.0,,,null
P69,N73,N72,100.0,100.0,100.0,100.0,100.0,0.0,0.0,0.0,,,null
P70,N72,N250,230.88200000078132,100.0,100.0,100.0,100.0,0.0,0.0,0.0,,,null
P72,N76,N74,100.0,100.0,100.0,100.0,100.0,0.0,0.0,0.0,,,null
P73,N77,N256,31.5600000000172,100.0,100.0,100.0,100.0,0.0,0.0,0.0,,,null
P74,N74,N77,100.0,100.0,100.0,100.0,100.0,0.0,0.0,0.0,,,null
P75,N78,N21,28.823101750374985,100.0,100.0,100.0,100.0,0.0,0.0,0.0,,,null
P76,N78,N255,149.00700000039257,100.0,100.0,100.0,100.0,0.0,0.0,0.0,,,null
P77,N79,N206,29.752000000118908,100.0,100.0,100.0,100.0,0.0,0.0,0.0,,,null
P78,N80,N42,100.0,100.0,100.0,100.0,100.0,0.0,0.0,0.0,,,null
P79,N42,N382,27.92900000002656,100.0,100.0,100.0,100.0,0.0,0.0,0.0,,,null
P80,N16,N238,120.94000000023873,100.0,100.0,100.0,100.0,0.0,0.0,0.0,,,null
P81,N81,N237,22.616999999952938,100.0,100.0,100.0,100.0,0.0,0.0,0.0,,,null
P82,N82,N188,60.40775177755983,100.0,100.0,100.0,100.0,0.0,0.0,0.0,,,null
P83,N7,N300,22.080000000012742,100.0,100.0,100.0,100.0,0.0,0.0,0.0,,,null
P84,N83,N93,91.11000000009423,100.0,100.0,100.0,100.0,0.0,0.0,0.0,,,null
P85,N85,N342,389.3979999976954,100.0,100.0,100.0,100.0,0.0,0.0,0.0,,,null
P86,N86,N83,147.28565638666765,100.0,100.0,100.0,100.0,0.0,0.0,0.0,,,null
P87,N87,N88,13.486999999998794,100.0,100.0,100.0,100.0,0.0,0.0,0.0,,,null
P88,N86,N403,91.03500000007895,100.0,100.0,100.0,100.0,0.0,0.0,0.0,,,null
P89,N88,N353,105.25300000006283,100.0,100.0,100.0,100.0,0.0,0.0,0.0,,,null
P91,N89,N88,100.0,100.0,100.0,100.0,100.0,0.0,0.0,0.0,,,null
P92,N89,N90,45.64211474336221,100.0,100.0,100.0,100.0,0.0,0.0,0.0,,,null
P93,N90,N390,45.251999999969954,100.0,100.0,100.0,100.0,0.0,0.0,0.0,,,null
P94,N91,N365,63.88999999994302,100.0,100.0,100.0,100.0,0.0,0.0,0.0,,,null
P95,N90,N87,100.0,100.0,100.0,100.0,100.0,0.0,0.0,0.0,,,null
P96,N93,N354,34.82500000007526,100.0,100.0,100.0,100.0,0.0,0.0,0.0,,,null
P97,N94,N111,46.13499999999691,100.0,100.0,100.0,100.0,0.0,0.0,0.0,,,null
P98,N93,N401,52.1669999998842,100.0,100.0,100.0,100.0,0.0,0.0,0.0,,,null
P99,N95,N94,39.39175973726119,100.0,100.0,100.0,100.0,0.0,0.0,0.0,,,null
P100,N96,N115,121.5370000002586,100.0,100.0,100.0,100.0,0.0,0.0,0.0,,,null
P101,N97,N99,21.826000000069033,100.0,100.0,100.0,100.0,0.0,0.0,0.0,,,null
P102,N98,N263,147.5830000003632,100.0,100.0,100.0,100.0,0.0,0.0,0.0,,,null
P103,N97,N98,100.0,100.0,100.0,100.0,100.0,0.0,0.0,0.0,,,null
P104,N99,N23,37.54542707936698,100.0,100.0,100.0,100.0,0.0,0.0,0.0,,,null
P105,N100,N98,42.35700000021101,100.0,100.0,100.0,100.0,0.0,0.0,0.0,,,null
P106,N100,N99,100.0,100.0,100.0,100.0,100.0,0.0,0.0,0.0,,,null
P107,N23,N101,165.22899130934516,100.0,100.0,100.0,100.0,0.0,0.0,0.0,,,null
P108,N101,N102,46.99443529876463,100.0,100.0,100.0,100.0,0.0,0.0,0.0,,,null
P109,N102,N261,12.61500000001031,100.0,100.0,100.0,100.0,0.0,0.0,0.0,,,null
P110,N103,N104,47.81560756368214,100.0,100.0,100.0,100.0,0.0,0.0,0.0,,,null
P111,N104,N360,136.44200000022306,100.0,100.0,100.0,100.0,0.0,0.0,0.0,,,null
P112,N105,N379,76.15600000001952,100.0,100.0,100.0,100.0,0.0,0.0,0.0,,,null
P113,N106,N107,40.69995627657018,100.0,100.0,100.0,100.0,0.0,0.0,0.0,,,null
P114,N107,N400,24.181999999971683,100.0,100.0,100.0,100.0,0.0,0.0,0.0,,,null
P115,N108,N124,5.3140000000283685,100.0,100.0,100.0,100.0,0.0,0.0,0.0,,,null
P116,N109,N399,69.50099999993058,100.0,100.0,100.0,100.0,0.0,0.0,0.0,,,null
P117,N110,N95,100.0,100.0,100.0,100.0,100.0,0.0,0.0,0.0,,,null
P118,N111,N87,159.39400004182824,100.0,100.0,100.0,100.0,0.0,0.0,0.0,,,null
P119,N110,N111,100.0,100.0,100.0,100.0,100.0,0.0,0.0,0.0,,,null
P120,N105,N359,127.75000000021187,100.0,100.0,100.0,100.0,0.0,0.0,0.0,,,null
P121,N113,N376,0.14199999994377857,100.0,100.0,100.0,100.0,0.0,0.0,0.0,,,null
P122,N112,N413,34.21499985731026,100.0,100.0,100.0,100.0,0.0,0.0,0.0,,,null
P123,N114,N112,76.41639996337352,100.0,100.0,100.0,100.0,0.0,0.0,0.0,,,null
P124,N115,N309,42.42600000002647,100.0,100.0,100.0,100.0,0.0,0.0,0.0,,,null
P125,N114,N304,72.3033575869679,100.0,100.0,100.0,100.0,0.0,0.0,0.0,,,null
P126,N116,N117,20.67900000001427,100.0,100.0,100.0,100.0,0.0,0.0,0.0,,,null
P127,N117,N109,51.72466972216995,100.0,100.0,100.0,100.0,0.0,0.0,0.0,,,null
P128,N116,N229,62.584999999982244,100.0,100.0,100.0,100.0,0.0,0.0,0.0,,,null
P129,N119,N31,41.648417551363316,100.0,100.0,100.0,100.0,0.0,0.0,0.0,,,null
P130,N118,N119,100.0,100.0,100.0,100.0,100.0,0.0,0.0,0.0,,,null
P131,N120,N280,154.8850000003542,100.0,100.0,100.0,100.0,0.0,0.0,0.0,,,null
P132,N120,N121,141.3948546129287,100.0,100.0,100.0,100.0,0.0,0.0,0.0,,,null
P133,N121,N279,19.09600000003415,100.0,100.0,100.0,100.0,0.0,0.0,0.0,,,null
P134,N92,N391,102.17800000007891,100.0,100.0,100.0,100.0,0.0,0.0,0.0,,,null
P136,N124,N120,132.15800000031084,100.0,100.0,100.0,100.0,0.0,0.0,0.0,,,null
P137,N124,N393,68.08799999990455,100.0,100.0,100.0,100.0,0.0,0.0,0.0,,,null
P138,N125,N126,48.62440398641089,100.0,100.0,100.0,100.0,0.0,0.0,0.0,,,null
P139,N126,N281,64.05299999992859,100.0,100.0,100.0,100.0,0.0,0.0,0.0,,,null
P140,N128,N278,104.77800000010146,100.0,100.0,100.0,100.0,0.0,0.0,0.0,,,null
P141,N129,N128,39.882999999057674,100.0,100.0,100.0,100.0,0.0,0.0,0.0,,,null
P142,N129,N126,100.0,100.0,100.0,100.0,100.0,0.0,0.0,0.0,,,null
P143,N125,N128,100.0,100.0,100.0,100.0,100.0,0.0,0.0,0.0,,,null
P144,N130,N392,134.58300000023618,100.0,100.0,100.0,100.0,0.0,0.0,0.0,,,null
P145,N130,N131,192.1542486783633,100.0,100.0,100.0,100.0,0.0,0.0,0.0,,,null
P146,N131,N282,74.62000000000641,100.0,100.0,100.0,100.0,0.0,0.0,0.0,,,null
P147,N132,N285,73.28500000000348,100.0,100.0,100.0,100.0,0.0,0.0,0.0,,,null
P148,N131,N397,92.8947993143816,100.0,100.0,100.0,100.0,0.0,0.0,0.0,,,null
P149,N132,N283,85.10900000005603,100.0,100.0,100.0,100.0,0.0,0.0,0.0,,,null
P150,N135,N287,57.644999999937504,100.0,100.0,100.0,100.0,0.0,0.0,0.0,,,null
P151,N135,N136,69.00401896666462,100.0,100.0,100.0,100.0,0.0,0.0,0.0,,,null
P152,N127,N288,51.4489999999696,100.0,100.0,100.0,100.0,0.0,0.0,0.0,,,null
P153,N137,N138,773.709416738904,100.0,100.0,100.0,100.0,0.0,0.0,0.0,,,null
P154,N139,N138,100.0,100.0,100.0,100.0,100.0,0.0,0.0,0.0,,,null
P155,N138,N296,25.671000000062143,100.0,100.0,100.0,100.0,0.0,0.0,0.0,,,null
P156,N141,N92,84.10280785013632,100.0,100.0,100.0,100.0,0.0,0.0,0.0,,,null
P157,N140,N297,68.68867506365507,100.0,100.0,100.0,100.0,0.0,0.0,0.0,,,null
P159,N143,N294,299.69619518783367,100.0,100.0,100.0,100.0,0.0,0.0,0.0,,,null
P162,N146,N291,230.26700000077707,100.0,100.0,100.0,100.0,0.0,0.0,0.0,,,null
P163,N146,N147,163.25950519124885,100.0,100.0,100.0,100.0,0.0,0.0,0.0,,,null
P165,N148,N459,1.4279999999907347,100.0,100.0,100.0,100.0,0.0,0.0,0.0,,,null
P168,N151,N404,63.91652198517536,100.0,100.0,100.0,100.0,0.0,0.0,0.0,,,null
P169,N153,N151,100.0,100.0,100.0,100.0,100.0,0.0,0.0,0.0,,,null
P170,N152,N396,38.29600000005262,100.0,100.0,100.0,100.0,0.0,0.0,0.0,,,null
P171,N133,N286,47.333999999986275,100.0,100.0,100.0,100.0,0.0,0.0,0.0,,,null
P172,N155,N156,1021.6688720879166,100.0,100.0,100.0,100.0,0.0,0.0,0.0,,,null
P173,N156,N270,35.62199999997907,100.0,100.0,100.0,100.0,0.0,0.0,0.0,,,null
P174,N157,N233,195.59800000059596,100.0,100.0,100.0,100.0,0.0,0.0,0.0,,,null
P175,N158,N373,29.653000000013307,100.0,100.0,100.0,100.0,0.0,0.0,0.0,,,null
P176,N159,N187,54.73699999993261,100.0,100.0,100.0,100.0,0.0,0.0,0.0,,,null
P178,N149,N162,35.834999999954675,100.0,100.0,100.0,100.0,0.0,0.0,0.0,,,null
P179,N149,N102,100.0,100.0,100.0,100.0,100.0,0.0,0.0,0.0,,,null
P180,N162,N232,55.51999999995311,100.0,100.0,100.0,100.0,0.0,0.0,0.0,,,null
P181,N101,N162,100.0,100.0,100.0,100.0,100.0,0.0,0.0,0.0,,,null
P182,N163,N370,114.10000000015802,100.0,100.0,100.0,100.0,0.0,0.0,0.0,,,null
P183,N163,N378,19.73700000005505,100.0,100.0,100.0,100.0,0.0,0.0,0.0,,,null
P184,N164,N9,100.0,100.0,100.0,100.0,100.0,0.0,0.0,0.0,,,null
P185,N164,N165,37.62211623603203,100.0,100.0,100.0,100.0,0.0,0.0,0.0,,,null
P186,N165,N265,112.25200000014021,100.0,100.0,100.0,100.0,0.0,0.0,0.0,,,null
P187,N166,N167,40.802845742613385,100.0,100.0,100.0,100.0,0.0,0.0,0.0,,,null
P188,N167,N394,19.69899999994973,100.0,100.0,100.0,100.0,0.0,0.0,0.0,,,null
P189,N168,N169,37.58875906475175,100.0,100.0,100.0,100.0,0.0,0.0,0.0,,,null
P190,N169,N271,58.140999999905226,100.0,100.0,100.0,100.0,0.0,0.0,0.0,,,null
P191,N170,N171,42.8836956192302,100.0,100.0,100.0,100.0,0.0,0.0,0.0,,,null
P192,N171,N377,32.42700000000488,100.0,100.0,100.0,100.0,0.0,0.0,0.0,,,null
P193,N172,N347,217.44000000063494,100.0,100.0,100.0,100.0,0.0,0.0,0.0,,,null
P194,N173,N316,27.902000000065332,100.0,100.0,100.0,100.0,0.0,0.0,0.0,,,null
P195,N173,N317,112.39100000020589,100.0,100.0,100.0,100.0,0.0,0.0,0.0,,,null
P196,N175,N176,36.25409351053872,100.0,100.0,100.0,100.0,0.0,0.0,0.0,,,null
P197,N176,N384,32.52700000000807,100.0,100.0,100.0,100.0,0.0,0.0,0.0,,,null
P198,N177,N178,41.78593827209196,100.0,100.0,100.0,100.0,0.0,0.0,0.0,,,null
P199,N179,N302,0.26599999998272517,100.0,100.0,100.0,100.0,0.0,0.0,0.0,,,null
P200,N178,N239,91.75854970413883,100.0,100.0,100.0,100.0,0.0,0.0,0.0,,,null
P201,N6,N398,128.4250000002364,100.0,100.0,100.0,100.0,0.0,0.0,0.0,,,null
P202,N180,N181,41.66330177387155,100.0,100.0,100.0,100.0,0.0,0.0,0.0,,,null
P203,N181,N387,23.88000000000365,100.0,100.0,100.0,100.0,0.0,0.0,0.0,,,null
P204,N182,N183,44.078504687380324,100.0,100.0,100.0,100.0,0.0,0.0,0.0,,,null
P205,N183,N313,24.066999999931156,100.0,100.0,100.0,100.0,0.0,0.0,0.0,,,null
P206,N184,N364,16.16800000004677,100.0,100.0,100.0,100.0,0.0,0.0,0.0,,,null
P207,N184,N311,220.41600000068135,100.0,100.0,100.0,100.0,0.0,0.0,0.0,,,null
P208,N187,N310,162.96100000039212,100.0,100.0,100.0,100.0,0.0,0.0,0.0,,,null
P209,N182,N187,100.0,100.0,100.0,100.0,100.0,0.0,0.0,0.0,,,null
P210,N159,N183,100.0,100.0,100.0,100.0,100.0,0.0,0.0,0.0,,,null
P211,N188,N7,110.99579439490594,100.0,100.0,100.0,100.0,0.0,0.0,0.0,,,null
P212,N188,N374,113.75800000022481,100.0,100.0,100.0,100.0,0.0,0.0,0.0,,,null
P213,N189,N190,43.397322124088696,100.0,100.0,100.0,100.0,0.0,0.0,0.0,,,null
P214,N190,N328,83.49900000001412,100.0,100.0,100.0,100.0,0.0,0.0,0.0,,,null
P215,N192,N193,45.24599999999244,100.0,100.0,100.0,100.0,0.0,0.0,0.0,,,null
P216,N193,N159,78.71890536355629,100.0,100.0,100.0,100.0,0.0,0.0,0.0,,,null
P217,N193,N190,100.0,100.0,100.0,100.0,100.0,0.0,0.0,0.0,,,null
P218,N189,N192,100.0,100.0,100.0,100.0,100.0,0.0,0.0,0.0,,,null
P219,N194,N16,32.85589773554831,100.0,100.0,100.0,100.0,0.0,0.0,0.0,,,null
P220,N194,N200,41.61399999998779,100.0,100.0,100.0,100.0,0.0,0.0,0.0,,,null
P221,N195,N196,39.21669398305419,100.0,100.0,100.0,100.0,0.0,0.0,0.0,,,null
P222,N196,N372,30.291000000015813,100.0,100.0,100.0,100.0,0.0,0.0,0.0,,,null
P223,N195,N158,100.0,100.0,100.0,100.0,100.0,0.0,0.0,0.0,,,null
P224,N198,N158,47.03948599492797,100.0,100.0,100.0,100.0,0.0,0.0,0.0,,,null
P225,N198,N196,100.0,100.0,100.0,100.0,100.0,0.0,0.0,0.0,,,null
P226,N199,N16,28.564417098065274,100.0,100.0,100.0,100.0,0.0,0.0,0.0,,,null
P227,N200,N383,25.5890000000102,100.0,100.0,100.0,100.0,0.0,0.0,0.0,,,null
P228,N199,N200,100.0,100.0,100.0,100.0,100.0,0.0,0.0,0.0,,,null
P229,N14,N201,100.64637659195348,100.0,100.0,100.0,100.0,0.0,0.0,0.0,,,null
P230,N201,N275,244.14300000073854,100.0,100.0,100.0,100.0,0.0,0.0,0.0,,,null
P231,N202,N15,100.0,100.0,100.0,100.0,100.0,0.0,0.0,0.0,,,null
P232,N203,N276,69.97099999999052,100.0,100.0,100.0,100.0,0.0,0.0,0.0,,,null
P233,N201,N380,32.21900000011601,100.0,100.0,100.0,100.0,0.0,0.0,0.0,,,null
P234,N204,N207,137.2080000002909,100.0,100.0,100.0,100.0,0.0,0.0,0.0,,,null
P235,N205,N204,39.55799999904982,100.0,100.0,100.0,100.0,0.0,0.0,0.0,,,null
P236,N205,N167,100.0,100.0,100.0,100.0,100.0,0.0,0.0,0.0,,,null
P237,N204,N166,100.0,100.0,100.0,100.0,100.0,0.0,0.0,0.0,,,null
P238,N206,N363,136.9490000003311,100.0,100.0,100.0,100.0,0.0,0.0,0.0,,,null
P239,N207,N268,8.071000000040689,100.0,100.0,100.0,100.0,0.0,0.0,0.0,,,null
P240,N206,N266,66.88897672750747,100.0,100.0,100.0,100.0,0.0,0.0,0.0,,,null
P241,N208,N273,151.19900000024953,100.0,100.0,100.0,100.0,0.0,0.0,0.0,,,null
P242,N209,N274,48.29000000004607,100.0,100.0,100.0,100.0,0.0,0.0,0.0,,,null
P243,N208,N358,78.2261773077682,100.0,100.0,100.0,100.0,0.0,0.0,0.0,,,null
P244,N210,N211,41.956000000005815,100.0,100.0,100.0,100.0,0.0,0.0,0.0,,,null
P245,N211,N348,140.04100000039716,100.0,100.0,100.0,100.0,0.0,0.0,0.0,,,null
P247,N210,N171,100.0,100.0,100.0,100.0,100.0,0.0,0.0,0.0,,,null
P246,N170,N211,100.0,100.0,100.0,100.0,100.0,0.0,0.0,0.0,,,null
P248,N172,N212,157.52557272521182,100.0,100.0,100.0,100.0,0.0,0.0,0.0,,,null
P249,N212,N346,63.137999999917696,100.0,100.0,100.0,100.0,0.0,0.0,0.0,,,null
P250,N213,N174,100.0,100.0,100.0,100.0,100.0,0.0,0.0,0.0,,,null
P251,N174,N314,13.807999999962503,100.0,100.0,100.0,100.0,0.0,0.0,0.0,,,null
P252,N214,N191,100.0,100.0,100.0,100.0,100.0,0.0,0.0,0.0,,,null
P253,N191,N197,100.0,100.0,100.0,100.0,100.0,0.0,0.0,0.0,,,null
P254,N197,N215,30.334467062527516,100.0,100.0,100.0,100.0,0.0,0.0,0.0,,,null
P255,N215,N216,275.7759747454915,100.0,100.0,100.0,100.0,0.0,0.0,0.0,,,null
P256,N216,N386,114.60800000016822,100.0,100.0,100.0,100.0,0.0,0.0,0.0,,,null
P257,N185,N225,24.186000000037204,100.0,100.0,100.0,100.0,0.0,0.0,0.0,,,null
P258,N218,N217,386.98551207548655,100.0,100.0,100.0,100.0,0.0,0.0,0.0,,,null
P259,N219,N186,263.36260346492475,100.0,100.0,100.0,100.0,0.0,0.0,0.0,,,null
P260,N218,N336,64.02899486326545,100.0,100.0,100.0,100.0,0.0,0.0,0.0,,,null
P263,N222,N223,768.4229161986133,100.0,100.0,100.0,100.0,0.0,0.0,0.0,,,null
P264,N223,N332,285.0280000001744,100.0,100.0,100.0,100.0,0.0,0.0,0.0,,,null
P265,N225,N333,39.082999999951,100.0,100.0,100.0,100.0,0.0,0.0,0.0,,,null
P266,N224,N225,100.0,100.0,100.0,100.0,100.0,0.0,0.0,0.0,,,null
P267,N226,N298,187.56300000056288,100.0,100.0,100.0,100.0,0.0,0.0,0.0,,,null
P268,N227,N226,25.086999999432955,100.0,100.0,100.0,100.0,0.0,0.0,0.0,,,null
P269,N117,N228,110.35678911435504,100.0,100.0,100.0,100.0,0.0,0.0,0.0,,,null
P270,N228,N227,104.18652344516752,100.0,100.0,100.0,100.0,0.0,0.0,0.0,,,null
P271,N229,N118,36.4936891844259,100.0,100.0,100.0,100.0,0.0,0.0,0.0,,,null
P272,N230,N277,118.02500000018178,100.0,100.0,100.0,100.0,0.0,0.0,0.0,,,null
P273,N231,N230,44.96100000011863,100.0,100.0,100.0,100.0,0.0,0.0,0.0,,,null
P274,N231,N107,100.0,100.0,100.0,100.0,100.0,0.0,0.0,0.0,,,null
P275,N106,N230,100.0,100.0,100.0,100.0,100.0,0.0,0.0,0.0,,,null
P276,N232,N9,35.01580963292768,100.0,100.0,100.0,100.0,0.0,0.0,0.0,,,null
P277,N232,N165,100.0,100.0,100.0,100.0,100.0,0.0,0.0,0.0,,,null
P278,N233,N234,48.9619999999051,100.0,100.0,100.0,100.0,0.0,0.0,0.0,,,null
P279,N233,N176,100.0,100.0,100.0,100.0,100.0,0.0,0.0,0.0,,,null
P280,N234,N327,43.23500000009153,100.0,100.0,100.0,100.0,0.0,0.0,0.0,,,null
P281,N175,N234,100.0,100.0,100.0,100.0,100.0,0.0,0.0,0.0,,,null
P282,N235,N236,56.10399999997551,100.0,100.0,100.0,100.0,0.0,0.0,0.0,,,null
P283,N235,N181,100.0,100.0,100.0,100.0,100.0,0.0,0.0,0.0,,,null
P284,N236,N388,36.592999999947835,100.0,100.0,100.0,100.0,0.0,0.0,0.0,,,null
P285,N180,N236,100.0,100.0,100.0,100.0,100.0,0.0,0.0,0.0,,,null
P286,N237,N326,16.719999999991302,100.0,100.0,100.0,100.0,0.0,0.0,0.0,,,null
P287,N177,N237,100.0,100.0,100.0,100.0,100.0,0.0,0.0,0.0,,,null
P288,N238,N81,25.570421501364127,100.0,100.0,100.0,100.0,0.0,0.0,0.0,,,null
P289,N238,N178,100.0,100.0,100.0,100.0,100.0,0.0,0.0,0.0,,,null
P290,N239,N179,282.995584272087,100.0,100.0,100.0,100.0,0.0,0.0,0.0,,,null
P291,N240,N180,31.74430104714607,100.0,100.0,100.0,100.0,0.0,0.0,0.0,,,null
P292,N241,N242,185.01500000046548,100.0,100.0,100.0,100.0,0.0,0.0,0.0,,,null
P293,N242,N248,433.0229999966071,100.0,100.0,100.0,100.0,0.0,0.0,0.0,,,null
P294,N243,N244,121.68100000021563,100.0,100.0,100.0,100.0,0.0,0.0,0.0,,,null
P295,N244,N35,60.98600000047099,100.0,100.0,100.0,100.0,0.0,0.0,0.0,,,null
P296,N245,N36,184.3569999901977,100.0,100.0,100.0,100.0,0.0,0.0,0.0,,,null
P297,N246,N25,15.66914304341468,100.0,100.0,100.0,100.0,0.0,0.0,0.0,,,null
P298,N247,N38,14.977999999935724,100.0,100.0,100.0,100.0,0.0,0.0,0.0,,,null
P299,N248,N56,142.98399999158886,100.0,100.0,100.0,100.0,0.0,0.0,0.0,,,null
P300,N249,N55,72.18000000040674,100.0,100.0,100.0,100.0,0.0,0.0,0.0,,,null
P301,N250,N74,161.77715654940866,100.0,100.0,100.0,100.0,0.0,0.0,0.0,,,null
P302,N75,N251,54.47872677873264,100.0,100.0,100.0,100.0,0.0,0.0,0.0,,,null
P303,N251,N252,82.5690000000643,100.0,100.0,100.0,100.0,0.0,0.0,0.0,,,null
P304,N252,N76,34.98311438174733,100.0,100.0,100.0,100.0,0.0,0.0,0.0,,,null
P305,N253,N78,41.21899999999472,100.0,100.0,100.0,100.0,0.0,0.0,0.0,,,null
P306,N254,N20,75.661362711047,100.0,100.0,100.0,100.0,0.0,0.0,0.0,,,null
P307,N255,N79,561.9974940104918,100.0,100.0,100.0,100.0,0.0,0.0,0.0,,,null
P308,N256,N100,53.30300000005434,100.0,100.0,100.0,100.0,0.0,0.0,0.0,,,null
P309,N257,N149,150.66299999967922,100.0,100.0,100.0,100.0,0.0,0.0,0.0,,,null
P310,N258,N2,274.5774358160289,100.0,100.0,100.0,100.0,0.0,0.0,0.0,,,null
P311,N259,N260,6.065999999988602,100.0,100.0,100.0,100.0,0.0,0.0,0.0,,,null
P312,N260,N163,41.67800000035084,100.0,100.0,100.0,100.0,0.0,0.0,0.0,,,null
P313,N261,N103,48.60948678236466,100.0,100.0,100.0,100.0,0.0,0.0,0.0,,,null
P314,N262,N164,11.297051460353197,100.0,100.0,100.0,100.0,0.0,0.0,0.0,,,null
P315,N263,N264,93.37400000012029,100.0,100.0,100.0,100.0,0.0,0.0,0.0,,,null
P316,N264,N205,241.34699999503763,100.0,100.0,100.0,100.0,0.0,0.0,0.0,,,null
P317,N265,N166,116.21498314820988,100.0,100.0,100.0,100.0,0.0,0.0,0.0,,,null
P318,N266,N207,114.60329495203938,100.0,100.0,100.0,100.0,0.0,0.0,0.0,,,null
P319,N267,N168,32.3835720193247,100.0,100.0,100.0,100.0,0.0,0.0,0.0,,,null
P320,N268,N208,18.668000000072087,100.0,100.0,100.0,100.0,0.0,0.0,0.0,,,null
P321,N269,N210,102.75900000052513,100.0,100.0,100.0,100.0,0.0,0.0,0.0,,,null
P322,N270,N269,73.88800000013659,100.0,100.0,100.0,100.0,0.0,0.0,0.0,,,null
P323,N271,N170,47.51835661366091,100.0,100.0,100.0,100.0,0.0,0.0,0.0,,,null
P324,N272,N437,435.5559999965943,100.0,100.0,100.0,100.0,0.0,0.0,0.0,,,null
P325,N273,N439,482.4049999955507,100.0,100.0,100.0,100.0,0.0,0.0,0.0,,,null
P326,N274,N441,437.64799999663745,100.0,100.0,100.0,100.0,0.0,0.0,0.0,,,null
P327,N275,N443,490.9999999953434,100.0,100.0,100.0,100.0,0.0,0.0,0.0,,,null
P328,N276,N389,269.82900000054894,100.0,100.0,100.0,100.0,0.0,0.0,0.0,,,null
P329,N277,N449,621.8919999922779,100.0,100.0,100.0,100.0,0.0,0.0,0.0,,,null
P330,N278,N455,431.63599999671624,100.0,100.0,100.0,100.0,0.0,0.0,0.0,,,null
P331,N279,N453,383.86799999779987,100.0,100.0,100.0,100.0,0.0,0.0,0.0,,,null
P332,N280,N451,387.3909999977841,100.0,100.0,100.0,100.0,0.0,0.0,0.0,,,null
P333,N281,N127,67.57687436818665,100.0,100.0,100.0,100.0,0.0,0.0,0.0,,,null
P334,N282,N132,30.398165886204303,100.0,100.0,100.0,100.0,0.0,0.0,0.0,,,null
P335,N283,N135,19.199000000075845,100.0,100.0,100.0,100.0,0.0,0.0,0.0,,,null
P336,N284,N133,151.4313483471055,100.0,100.0,100.0,100.0,0.0,0.0,0.0,,,null
P337,N285,N133,54.581194358061296,100.0,100.0,100.0,100.0,0.0,0.0,0.0,,,null
P338,N286,N289,145.67700000030726,100.0,100.0,100.0,100.0,0.0,0.0,0.0,,,null
P339,N287,N134,36.53862392145439,100.0,100.0,100.0,100.0,0.0,0.0,0.0,,,null
P340,N288,N146,15.110999999951181,100.0,100.0,100.0,100.0,0.0,0.0,0.0,,,null
P341,N289,N154,52.999053201811435,100.0,100.0,100.0,100.0,0.0,0.0,0.0,,,null
P343,N291,N293,89.77200000011143,100.0,100.0,100.0,100.0,0.0,0.0,0.0,,,null
P344,N293,N429,51.262000000007305,100.0,100.0,100.0,100.0,0.0,0.0,0.0,,,null
P346,N294,N295,76.81000000000451,100.0,100.0,100.0,100.0,0.0,0.0,0.0,,,null
P347,N295,N140,51.06317006683203,100.0,100.0,100.0,100.0,0.0,0.0,0.0,,,null
P348,N296,N140,48.76364154212476,100.0,100.0,100.0,100.0,0.0,0.0,0.0,,,null
P349,N297,N141,124.67527241733632,100.0,100.0,100.0,100.0,0.0,0.0,0.0,,,null
P350,N298,N141,170.18390179399367,100.0,100.0,100.0,100.0,0.0,0.0,0.0,,,null
P351,N299,N94,105.08800004594919,100.0,100.0,100.0,100.0,0.0,0.0,0.0,,,null
P352,N300,N301,5.104999999943807,100.0,100.0,100.0,100.0,0.0,0.0,0.0,,,null
P353,N301,N86,70.66000000008691,100.0,100.0,100.0,100.0,0.0,0.0,0.0,,,null
P354,N302,N113,0.7520000000766482,100.0,100.0,100.0,100.0,0.0,0.0,0.0,,,null
P355,N303,N114,34.55599999925965,100.0,100.0,100.0,100.0,0.0,0.0,0.0,,,null
P356,N304,N115,72.43362086758066,100.0,100.0,100.0,100.0,0.0,0.0,0.0,,,null
P357,N305,N116,180.94899998812008,100.0,100.0,100.0,100.0,0.0,0.0,0.0,,,null
P358,N306,N366,129.14600000017543,100.0,100.0,100.0,100.0,0.0,0.0,0.0,,,null
P359,N307,N30,11.571377918269238,100.0,100.0,100.0,100.0,0.0,0.0,0.0,,,null
P360,N308,N227,240.17599998690287,100.0,100.0,100.0,100.0,0.0,0.0,0.0,,,null
P361,N309,N299,114.87400000040809,100.0,100.0,100.0,100.0,0.0,0.0,0.0,,,null
P362,N310,N160,57.316289628221305,100.0,100.0,100.0,100.0,0.0,0.0,0.0,,,null
P363,N311,N335,296.1119999998875,100.0,100.0,100.0,100.0,0.0,0.0,0.0,,,null
P364,N312,N185,194.55324458496344,100.0,100.0,100.0,100.0,0.0,0.0,0.0,,,null
P365,N313,N184,37.52088701552206,100.0,100.0,100.0,100.0,0.0,0.0,0.0,,,null
P366,N314,N214,33.04114741619627,100.0,100.0,100.0,100.0,0.0,0.0,0.0,,,null
P367,N315,N213,30.355835456352732,100.0,100.0,100.0,100.0,0.0,0.0,0.0,,,null
P368,N316,N412,106.2290000000935,100.0,100.0,100.0,100.0,0.0,0.0,0.0,,,null
P369,N317,N175,125.39754541594436,100.0,100.0,100.0,100.0,0.0,0.0,0.0,,,null
P370,N318,N157,21.64633346079002,100.0,100.0,100.0,100.0,0.0,0.0,0.0,,,null
P371,N319,N173,34.01092451593011,100.0,100.0,100.0,100.0,0.0,0.0,0.0,,,null
P372,N320,N42,209.8730957244937,100.0,100.0,100.0,100.0,0.0,0.0,0.0,,,null
P373,N321,N80,36.69646570820232,100.0,100.0,100.0,100.0,0.0,0.0,0.0,,,null
P374,N322,N15,205.54499835727336,100.0,100.0,100.0,100.0,0.0,0.0,0.0,,,null
P375,N323,N202,46.26063340716064,100.0,100.0,100.0,100.0,0.0,0.0,0.0,,,null
P376,N324,N325,399.71099999743103,100.0,100.0,100.0,100.0,0.0,0.0,0.0,,,null
P377,N325,N6,127.54812910662942,100.0,100.0,100.0,100.0,0.0,0.0,0.0,,,null
P378,N326,N235,58.37000000012222,100.0,100.0,100.0,100.0,0.0,0.0,0.0,,,null
P379,N327,N198,57.82099999813709,100.0,100.0,100.0,100.0,0.0,0.0,0.0,,,null
P380,N328,N191,55.44912991611275,100.0,100.0,100.0,100.0,0.0,0.0,0.0,,,null
P381,N329,N197,47.418905442223554,100.0,100.0,100.0,100.0,0.0,0.0,0.0,,,null
P384,N330,N224,96.57097403031597,100.0,100.0,100.0,100.0,0.0,0.0,0.0,,,null
P385,N332,N330,104.67899999752792,100.0,100.0,100.0,100.0,0.0,0.0,0.0,,,null
P386,N333,N334,3.449000000048755,100.0,100.0,100.0,100.0,0.0,0.0,0.0,,,null
P387,N334,N218,154.2230000006726,100.0,100.0,100.0,100.0,0.0,0.0,0.0,,,null
P388,N335,N219,198.0469999894729,100.0,100.0,100.0,100.0,0.0,0.0,0.0,,,null
P389,N336,N219,67.64746395161615,100.0,100.0,100.0,100.0,0.0,0.0,0.0,,,null
P391,N339,N338,130.25300000029276,100.0,100.0,100.0,100.0,0.0,0.0,0.0,,,null
P392,N338,N355,93.57000000013555,100.0,100.0,100.0,100.0,0.0,0.0,0.0,,,null
P394,N341,N4,672.6605309033856,100.0,100.0,100.0,100.0,0.0,0.0,0.0,,,null
P395,N342,N345,340.92199999886714,100.0,100.0,100.0,100.0,0.0,0.0,0.0,,,null
P396,N343,N344,255.04800000087312,100.0,100.0,100.0,100.0,0.0,0.0,0.0,,,null
P397,N344,N122,55.98828754273693,100.0,100.0,100.0,100.0,0.0,0.0,0.0,,,null
P398,N345,N84,62.60727920830574,100.0,100.0,100.0,100.0,0.0,0.0,0.0,,,null
P399,N346,N430,264.7820000006836,100.0,100.0,100.0,100.0,0.0,0.0,0.0,,,null
P400,N347,N432,252.3840000008793,100.0,100.0,100.0,100.0,0.0,0.0,0.0,,,null
P401,N348,N435,382.01499999787643,100.0,100.0,100.0,100.0,0.0,0.0,0.0,,,null
P402,N349,N33,6.397105281241238,100.0,100.0,100.0,100.0,0.0,0.0,0.0,,,null
P403,N350,N367,199.7600000006199,100.0,100.0,100.0,100.0,0.0,0.0,0.0,,,null
P404,N351,N352,2.114000000053619,100.0,100.0,100.0,100.0,0.0,0.0,0.0,,,null
P405,N352,N130,29.244999999715763,100.0,100.0,100.0,100.0,0.0,0.0,0.0,,,null
P406,N353,N341,389.1389999951513,100.0,100.0,100.0,100.0,0.0,0.0,0.0,,,null
P407,N354,N85,341.2999999956602,100.0,100.0,100.0,100.0,0.0,0.0,0.0,,,null
P408,N355,N343,281.90799999787293,100.0,100.0,100.0,100.0,0.0,0.0,0.0,,,null
P409,N356,N203,227.86299999450242,100.0,100.0,100.0,100.0,0.0,0.0,0.0,,,null
P410,N357,N203,226.75145526059313,100.0,100.0,100.0,100.0,0.0,0.0,0.0,,,null
P411,N358,N209,77.98873064788583,100.0,100.0,100.0,100.0,0.0,0.0,0.0,,,null
P412,N359,N447,743.8229999893994,100.0,100.0,100.0,100.0,0.0,0.0,0.0,,,null
P413,N360,N105,46.655291887618326,100.0,100.0,100.0,100.0,0.0,0.0,0.0,,,null
P414,N361,N231,88.02900000033026,100.0,100.0,100.0,100.0,0.0,0.0,0.0,,,null
P415,N362,N272,225.1169999969477,100.0,100.0,100.0,100.0,0.0,0.0,0.0,,,null
P416,N168,N362,100.0,100.0,100.0,100.0,100.0,0.0,0.0,0.0,,,null
P417,N363,N362,43.01300000009631,100.0,100.0,100.0,100.0,0.0,0.0,0.0,,,null
P418,N363,N169,100.0,100.0,100.0,100.0,100.0,0.0,0.0,0.0,,,null
P419,N364,N312,161.80000000047275,100.0,100.0,100.0,100.0,0.0,0.0,0.0,,,null
P420,N365,N92,63.19346912753178,100.0,100.0,100.0,100.0,0.0,0.0,0.0,,,null
P421,N366,N428,44.72900000003315,100.0,100.0,100.0,100.0,0.0,0.0,0.0,,,null
P422,N366,N118,100.0,100.0,100.0,100.0,100.0,0.0,0.0,0.0,,,null
P423,N367,N351,16.530000000095345,100.0,100.0,100.0,100.0,0.0,0.0,0.0,,,null
P424,N34,N367,100.0,100.0,100.0,100.0,100.0,0.0,0.0,0.0,,,null
P425,N369,N356,358.89899999414945,100.0,100.0,100.0,100.0,0.0,0.0,0.0,,,null
P426,N370,N369,51.53000000025528,100.0,100.0,100.0,100.0,0.0,0.0,0.0,,,null
P427,N370,N104,100.0,100.0,100.0,100.0,100.0,0.0,0.0,0.0,,,null
P428,N103,N369,100.0,100.0,100.0,100.0,100.0,0.0,0.0,0.0,,,null
P431,N372,N329,59.42900000010412,100.0,100.0,100.0,100.0,0.0,0.0,0.0,,,null
P432,N373,N192,51.48699999998933,100.0,100.0,100.0,100.0,0.0,0.0,0.0,,,null
P433,N374,N189,28.710955347077093,100.0,100.0,100.0,100.0,0.0,0.0,0.0,,,null
P434,N375,N182,27.028436525439854,100.0,100.0,100.0,100.0,0.0,0.0,0.0,,,null
P435,N376,N7,0.9425710344150516,100.0,100.0,100.0,100.0,0.0,0.0,0.0,,,null
P436,N377,N172,33.6614252834403,100.0,100.0,100.0,100.0,0.0,0.0,0.0,,,null
P437,N378,N262,21.125999999927906,100.0,100.0,100.0,100.0,0.0,0.0,0.0,,,null
P438,N379,N106,31.12713700711438,100.0,100.0,100.0,100.0,0.0,0.0,0.0,,,null
P439,N380,N357,186.00669309776922,100.0,100.0,100.0,100.0,0.0,0.0,0.0,,,null
P440,N381,N199,57.36300000003996,100.0,100.0,100.0,100.0,0.0,0.0,0.0,,,null
P441,N382,N194,39.214791013768824,100.0,100.0,100.0,100.0,0.0,0.0,0.0,,,null
P442,N383,N385,71.31399999991787,100.0,100.0,100.0,100.0,0.0,0.0,0.0,,,null
P443,N384,N177,96.4706815735418,100.0,100.0,100.0,100.0,0.0,0.0,0.0,,,null
P444,N385,N195,25.004527458775396,100.0,100.0,100.0,100.0,0.0,0.0,0.0,,,null
P445,N386,N185,138.13511290577804,100.0,100.0,100.0,100.0,0.0,0.0,0.0,,,null
P446,N387,N375,53.419000000011636,100.0,100.0,100.0,100.0,0.0,0.0,0.0,,,null
P447,N388,N82,28.282634090725747,100.0,100.0,100.0,100.0,0.0,0.0,0.0,,,null
P448,N389,N445,264.95500000066795,100.0,100.0,100.0,100.0,0.0,0.0,0.0,,,null
P449,N390,N91,41.18879562981679,100.0,100.0,100.0,100.0,0.0,0.0,0.0,,,null
P450,N391,N339,23.171000000167666,100.0,100.0,100.0,100.0,0.0,0.0,0.0,,,null
P451,N392,N129,107.16399999400562,100.0,100.0,100.0,100.0,0.0,0.0,0.0,,,null
P452,N393,N125,50.14292444720774,100.0,100.0,100.0,100.0,0.0,0.0,0.0,,,null
P453,N394,N267,52.21500000005068,100.0,100.0,100.0,100.0,0.0,0.0,0.0,,,null
P454,N395,N349,129.85490286687855,100.0,100.0,100.0,100.0,0.0,0.0,0.0,,,null
P455,N396,N284,151.24977071564712,100.0,100.0,100.0,100.0,0.0,0.0,0.0,,,null
P456,N397,N127,127.68981663423489,100.0,100.0,100.0,100.0,0.0,0.0,0.0,,,null
P457,N398,N240,126.69700000057321,100.0,100.0,100.0,100.0,0.0,0.0,0.0,,,null
P458,N399,N110,123.35361383777244,100.0,100.0,100.0,100.0,0.0,0.0,0.0,,,null
P459,N400,N108,39.145934645923006,100.0,100.0,100.0,100.0,0.0,0.0,0.0,,,null
P460,N401,N402,94.7120000000394,100.0,100.0,100.0,100.0,0.0,0.0,0.0,,,null
P461,N402,N95,36.87408667617774,100.0,100.0,100.0,100.0,0.0,0.0,0.0,,,null
P462,N403,N89,119.05212293715877,100.0,100.0,100.0,100.0,0.0,0.0,0.0,,,null
P429,N147,N414,NaN,100.0,100.0,100.0,100.0,0.0,0.0,0.0,,,null
P430,N151,N405,36.98447965204185,100.0,100.0,100.0,100.0,0.0,0.0,0.0,,,null
P463,N404,N142,231.01021290365478,100.0,100.0,100.0,100.0,0.0,0.0,0.0,,,null
P464,N405,N143,368.4581826156141,100.0,100.0,100.0,100.0,0.0,0.0,0.0,,,null
P465,N91,N407,291.2490000000654,100.0,100.0,100.0,100.0,0.0,0.0,0.0,,,null
P466,N407,N408,59.24199999987473,100.0,100.0,100.0,100.0,0.0,0.0,0.0,,,null
P467,N408,N406,31.5945701886265,100.0,100.0,100.0,100.0,0.0,0.0,0.0,,,null
P468,N409,N209,241.31299999872235,100.0,100.0,100.0,100.0,0.0,0.0,0.0,,,null
P469,N410,N77,112.07600000053431,100.0,100.0,100.0,100.0,0.0,0.0,0.0,,,null
P470,N160,N411,720.4617620773118,100.0,100.0,100.0,100.0,0.0,0.0,0.0,,,null
P471,N412,N174,166.17637331197383,100.0,100.0,100.0,100.0,0.0,0.0,0.0,,,null
P472,N413,N113,179.481832678244,100.0,100.0,100.0,100.0,0.0,0.0,0.0,,,null
P473,N414,N148,NaN,100.0,100.0,100.0,100.0,0.0,0.0,0.0,,,null
P474,N415,N431,16.30199999995547,100.0,100.0,100.0,100.0,0.0,0.0,0.0,,,null
P475,N416,N434,18.48399999995602,100.0,100.0,100.0,100.0,0.0,0.0,0.0,,,null
P476,N417,N436,15.179999999958005,100.0,100.0,100.0,100.0,0.0,0.0,0.0,,,null
P477,N418,N438,17.646999999917156,100.0,100.0,100.0,100.0,0.0,0.0,0.0,,,null
P478,N419,N440,18.518000000008488,100.0,100.0,100.0,100.0,0.0,0.0,0.0,,,null
P479,N420,N442,17.246999999926604,100.0,100.0,100.0,100.0,0.0,0.0,0.0,,,null
P480,N421,N444,18.758000000030734,100.0,100.0,100.0,100.0,0.0,0.0,0.0,,,null
P481,N422,N446,18.922000000014826,100.0,100.0,100.0,100.0,0.0,0.0,0.0,,,null
P482,N423,N448,17.92900000002953,100.0,100.0,100.0,100.0,0.0,0.0,0.0,,,null
P483,N424,N450,18.771000000012016,100.0,100.0,100.0,100.0,0.0,0.0,0.0,,,null
P484,N425,N452,18.37800000002538,100.0,100.0,100.0,100.0,0.0,0.0,0.0,,,null
P485,N426,N454,17.766999999951857,100.0,100.0,100.0,100.0,0.0,0.0,0.0,,,null
P486,N427,N456,16.11599999993737,100.0,100.0,100.0,100.0,0.0,0.0,0.0,,,null
P487,N429,N457,17.734999999912123,100.0,100.0,100.0,100.0,0.0,0.0,0.0,,,null
P488,N433,N153,47.487694874373034,100.0,100.0,100.0,100.0,0.0,0.0,0.0,,,null
P489,N428,N308,81.4090000007102,100.0,100.0,100.0,100.0,0.0,0.0,0.0,,,null
P490,N31,N428,100.0,100.0,100.0,100.0,100.0,0.0,0.0,0.0,,,null
P491,N430,N415,19.531999999502155,100.0,100.0,100.0,100.0,0.0,0.0,0.0,,,null
P492,N431,N315,596.1709999841439,100.0,100.0,100.0,100.0,0.0,0.0,0.0,,,null
P493,N432,N416,16.746999999693347,100.0,100.0,100.0,100.0,0.0,0.0,0.0,,,null
P494,N434,N319,446.6479999832366,100.0,100.0,100.0,100.0,0.0,0.0,0.0,,,null
P495,N435,N417,19.562999999498413,100.0,100.0,100.0,100.0,0.0,0.0,0.0,,,null
P496,N436,N318,492.5959999843507,100.0,100.0,100.0,100.0,0.0,0.0,0.0,,,null
P497,N437,N418,17.130999999540737,100.0,100.0,100.0,100.0,0.0,0.0,0.0,,,null
P498,N438,N321,414.2409999900073,100.0,100.0,100.0,100.0,0.0,0.0,0.0,,,null
P499,N439,N419,16.790999999554845,100.0,100.0,100.0,100.0,0.0,0.0,0.0,,,null
P500,N440,N320,417.5459999897444,100.0,100.0,100.0,100.0,0.0,0.0,0.0,,,null
P501,N441,N420,17.63999999948101,100.0,100.0,100.0,100.0,0.0,0.0,0.0,,,null
P502,N442,N322,388.59999999051854,100.0,100.0,100.0,100.0,0.0,0.0,0.0,,,null
P503,N443,N421,16.7199999995064,100.0,100.0,100.0,100.0,0.0,0.0,0.0,,,null
P504,N444,N323,389.71399999037385,100.0,100.0,100.0,100.0,0.0,0.0,0.0,,,null
P505,N445,N422,21.033999999481782,100.0,100.0,100.0,100.0,0.0,0.0,0.0,,,null
P506,N446,N324,409.4049999829114,100.0,100.0,100.0,100.0,0.0,0.0,0.0,,,null
P507,N447,N423,17.913999999515493,100.0,100.0,100.0,100.0,0.0,0.0,0.0,,,null
P508,N448,N303,931.8099999741784,100.0,100.0,100.0,100.0,0.0,0.0,0.0,,,null
P509,N449,N424,16.277999999622292,100.0,100.0,100.0,100.0,0.0,0.0,0.0,,,null
P510,N450,N96,975.700999969286,100.0,100.0,100.0,100.0,0.0,0.0,0.0,,,null
P511,N451,N425,16.553999999546523,100.0,100.0,100.0,100.0,0.0,0.0,0.0,,,null
P512,N452,N305,909.376999978066,100.0,100.0,100.0,100.0,0.0,0.0,0.0,,,null
P513,N453,N426,17.184999999624797,100.0,100.0,100.0,100.0,0.0,0.0,0.0,,,null
P514,N454,N306,830.5309999800037,100.0,100.0,100.0,100.0,0.0,0.0,0.0,,,null
P515,N455,N427,19.316999999547555,100.0,100.0,100.0,100.0,0.0,0.0,0.0,,,null
P516,N456,N307,829.4199999800682,100.0,100.0,100.0,100.0,0.0,0.0,0.0,,,null
P517,N457,N137,683.3129255522509,100.0,100.0,100.0,100.0,0.0,0.0,0.0,,,null
P518,N459,N433,43.67500000001635,100.0,100.0,100.0,100.0,0.0,0.0,0.0,,,null
