Name,Location,Paths,ID,Desc.,km,km change,Type,Device,Device direction,Track ID
N1,571638.6186460694;-168631.82754915894,P1,,,0.0,,Edge,,,
N2,572835.7550818439;-168631.81881551578,P2;P310,,,0.0,,,,,
N3,573119.3182586494;-168590.14428953108,P2;P3,,,0.0,,,,,
N4,576798.1721140859;-168593.65540521045,P394,,,0.0,,Edge,,,
N5,571638.055704098;-168673.24592820936,P4,,,0.0,,Edge,,,
N6,575297.716668269;-168679.39438329413,P5;P201;P377,76,,0.0,,Points:P377-P5/(P201),,,
N7,575294.3295429713;-168679.26564318791,P83;P211;P435,44,,0.0,,Points:P83-P211/(P435),,,
N8,571701.740951565;-168716.4545338135,P6,,,0.0,,Edge,,,
N9,572939.08608488;-168715.16083773033,P7;P184;P276,63,,0.0,,Points:P7-P276/(P184),,,
N10,572986.74399586;-168719.5402133339,P7;P8,,,0.0,,,,,
N11,573053.4650712318;-168733.70878146306,P8;P9,,,0.0,,,,,
N12,573100.0925408929;-168746.33168761453,P9;P10,,,0.0,,,,,
N13,573145.6895692359;-168754.57521816238,P10;P11,D47,,0.0,,,Signal,P10,
N14,573181.2397947236;-168756.37849046974,P11;P12;P229,103,,0.0,,Points:P11-P12/(P229),,,
N15,574638.7937521231;-168756.72396637622,P13;P231;P374,140,,0.0,,Points:P13-P231/(P374),,,
N16,574766.8749994439;-168775.2868219426,P80;P219;P226,112,,0.0,,Points:P80-P219/(P226),,,
N17,571698.5881855388;-168976.0732835525,P14,,,0.0,,Edge,,,
N18,572120.4728966483;-168977.7579556367,P14;P15,,,0.0,,,,,
N19,572260.7687074058;-168965.1842744839,P15;P16,,,0.0,,,,,
N20,572360.034611244;-168943.01488929344,P17;P306,,,0.0,,,,,
N21,572458.3078560436;-168895.69814179742,P18;P75,,,0.0,,,,,
N22,572576.1033952646;-168844.41075814783,P18;P19,,,0.0,,,,,
N23,572665.1019381618;-168797.90356490389,P104;P107,,,0.0,,,,,
N24,572018.4122805255;-168590.38665416033,P20,,,0.0,,Edge,,,
N25,572337.6010110577;-168589.8734889987,P21;P297,,,0.0,,,,,
N26,572487.5340665851;-168561.91852947293,P21;P22,,,0.0,,,,,
N27,572630.32785069;-168523.89192392322,P22;P23,,,0.0,,,,,
N28,572804.1637617743;-168483.9251854373,P23;P24,,,0.0,,,,,
N29,572916.6914720742;-168465.687935837,P24;P25,,,0.0,,,,,
N30,574883.6748253797;-168465.99891550775,P26;P359,,,0.0,,,,,
N31,575045.2285744066;-168507.12168798732,P129;P490,122,,0.0,,,,,
N32,572519.494869288;-168424.8699656233,P27,,,0.0,,Edge,,,
N33,572947.829635672;-168424.32708252268,P28;P402,,,0.0,,,,,
N34,573138.9244870879;-168463.95754886747,P28;P424,,,0.0,,,,,
N35,572216.0970250431;-168590.06883302768,P29;P31;P295,29,,0.0,,Points:P295-P29/(P31),,,
N36,572356.5516460403;-168631.82231151816,P30;P32;P296,31,,0.0,,Points:P30-P296/(P32),,,
N37,572283.6894068518;-168610.16227701644,P32;P31,,,0.0,,,,,
N38,572396.6856460392;-168631.82201872277,P33;P35;P298,1,,0.0,,Points:P298-P33/(P35),,,
N39,572723.4071723203;-168675.0693853054,P34;P36;P54,3,,0.0,,Points:P34-P54/(P36),,,
N40,572559.3439578982;-168653.35272017593,P36;P35,,,0.0,,,,,
N41,572085.8645097072;-168797.2758303509,P37,,,0.0,,Edge,,,
N42,574669.4325606066;-168797.7569991429,P78;P79;P372,138,,0.0,,Points:P79-P78/(P372),,,
N45,571966.6916460599;-168631.82515572038,P39;P48,XJ,,0.0,,,Signal,P48,
N48,572008.6671810513;-168673.8685782423,P43;P49,XJN,,0.0,,,Signal,P49,
N53,571811.4536460653;-168631.82628825068,P48;P1,XDN,,0.0,,,Signal,P48,
N54,571833.5214282373;-168673.57432262544,P49;P4,XD,,0.0,,,Signal,P49,
N55,572337.546505343;-168797.32270410046,P50;P52;P300,5,,0.0,,Points:P300-P50/(P52),,,
N56,572471.0035310911;-168715.65023761572,P51;P53;P299,7,,0.0,,Points:P51-P299/(P53),,,
N57,572404.7474560882;-168756.19735032675,P53;P52,,,0.0,,,,,
N58,572537.9964340023;-168674.75788388262,P54;P43,D3,,0.0,,,Signal,P43,
N59,572505.7085121222;-168715.61395210668,P55;P51,D21,,0.0,,,Signal,P55,
N60,572522.1155031545;-168715.59679791142,P56;P55;P58,11,,0.0,,Points:P55-P56/(P58),,,
N61,572813.3100454402;-168675.2204276509,P57;P34;P59,13,,0.0,,Points:P57-P34/(P59),,,
N62,572670.781964773;-168694.98304583863,P59;P58,,,0.0,,,,,
N63,572110.3485092826;-168797.2803902991,P60;P37,D2,,0.0,,,Signal,P60,
N72,572092.128620322;-168838.34548007164,P69;P70,D4,,0.0,,,Signal,P70,
N73,572044.9702487478;-168838.98792099193,P69,,,0.0,,Edge,,,
N74,572484.7872513138;-168838.987920992,P72;P74;P301,97,,0.0,,Points:P74-P72/(P301),,,
N75,572185.9626362069;-168880.26203910063,P302,,,0.0,,Edge,,,
N76,572357.9931604839;-168879.93184615576,P72;P304,,,0.0,,,,,
N77,572560.0715014845;-168797.36414759312,P73;P74;P469,99,,0.0,,Points:P73-P469/(P74),,,
N78,572432.3381932388;-168908.20205351818,P75;P76;P305,33,,0.0,,Points:P305-P75/(P76),,,
N79,573139.9983330229;-168839.32159863858,P77;P307,D45,,0.0,,,Signal,P307,
N80,574496.1007936037;-168839.20386137202,P78;P373,,,0.0,,,,,
N81,574909.0232298918;-168739.8018365388,P81;P288,,,0.0,,,,,
N82,575124.5194917595;-168702.5834936018,P82;P447,,,0.0,,,,,
N83,575537.4169095367;-168647.68129711432,P84;P86,,,0.0,,,,,
N84,576797.5078009542;-168634.26804668663,P398,,,0.0,,Edge,,,
N85,576004.6254408218;-168642.70801695273,P85;P407,,,0.0,,,,,
N86,575391.3589546826;-168666.6586099138,P86;P88;P353,30,,0.0,,Points:P353-P86/(P88),,,
N87,575617.6331208568;-168592.52869316042,P87;P95;P118,34,,0.0,,Points:P118-P87/(P95),,,
N88,575631.1201147143;-168592.54156521175,P89;P87;P91,26,,0.0,,Points:P89-P87/(P91),,,
N89,575591.0051769816;-168601.25230176392,P91;P92;P462,28,,0.0,,Points:P462-P92/(P91),,,
N90,575633.0866330944;-168583.5787709997,P92;P93;P95,32,,0.0,,Points:P93-P92/(P95),,,
N91,575713.2595511308;-168551.2629178835,P94;P449;P465,4,,0.0,,Points:P449-P94/(P465),,,
N92,575833.3955852346;-168509.81968640618,P134;P156;P420,2,,0.0,,Points:P134-P156/(P420),,,
N93,575628.5217481849;-168646.71151626416,P96;P84;P98,8,,0.0,,Points:P96-P84/(P98),,,
N94,575412.1042144219;-168592.33253539112,P97;P99;P351,12,,0.0,,Points:P351-P97/(P99),,,
N95,575450.308401657;-168601.9320568846,P99;P117;P461,10,,0.0,,Points:P461-P99/(P117),,,
N96,575028.1793892316;-168591.9661157054,P100;P510,XX,,0.0,,,Signal,P510,
N97,572612.4818835211;-168825.4007684537,P101;P19;P103,35,,0.0,,Points:P19-P101/(P103),,,
N98,572687.2914992784;-168797.38784129557,P102;P103;P105,37,,0.0,,Points:P102-P105/(P103),,,
N99,572631.8259580884;-168815.29230392454,P104;P101;P106,41,,0.0,,Points:P104-P101/(P106),,,
N100,572644.9345000128;-168797.37995264478,P105;P106;P308,39,,0.0,,Points:P308-P105/(P106),,,
N101,572813.0037671456;-168724.24442730134,P107;P108;P181,43,,0.0,,Points:P107-P108/(P181),,,
N102,572855.4373808795;-168704.04875017662,P108;P109;P179,49,,0.0,,Points:P109-P179/(P108),,,
N103,572913.0744818872;-168683.3992376109,P110;P313;P428,51,,0.0,,Points:P313-P110/(P428),,,
N104,572956.4157665031;-168663.20356048617,P110;P111;P427,57,,0.0,,Points:P111-P427/(P110),,,
N105,573136.8153543028;-168631.8889150568,P112;P120;P413,107,,0.0,,Points:P413-P112/(P120),,,
N106,573238.9283285291;-168598.9858455839,P113;P275;P438,109,,0.0,,Points:P438-P275/(P113),,,
N107,573275.008246089;-168580.1516747822,P113;P114;P274,115,,0.0,,Points:P114-P113/(P274),,,
N108,573329.9223344505;-168548.61011163236,P115;P459,,,0.0,,,,,
N109,575207.3319838961;-168548.8857940137,P116;P127,,,0.0,,,,,
N110,575397.346130476;-168581.86345581687,P117;P119;P458,16,,0.0,,Points:P458-P119/(P117),,,
N111,575458.23919341;-168592.37656683527,P118;P97;P119,14,,0.0,,Points:P118-P97/(P119),,,
N112,575087.0137497559;-168632.02099731375,P122;P123,,,0.0,,,,,
N113,575295.4133314361;-168679.30683653915,P121;P354;P472,42,,0.0,,Points:P121-P472/(P354),,,
N114,575010.5973499678;-168632.0158218144,P123;P125;P355,128,,0.0,,Points:P355-P123/(P125),,,
N115,575149.7163338786;-168592.0821111455,P124;P100;P356,126,,0.0,,Points:P124-P100/(P356),,,
N116,575134.9283149545;-168548.8751621221,P126;P128;P357,116,,0.0,,Points:P126-P357/(P128),,,
N117,575155.6073147316;-168548.8781986655,P127;P126;P269,132,,0.0,,Points:P126-P127/(P269),,,
N118,575041.3685995019;-168516.26893120026,P130;P271;P422,118,,0.0,,Points:P271-P130/(P422),,,
N119,575004.8672106592;-168496.84788630618,P129;P26;P130,124,,0.0,,Points:P26-P129/(P130),,,
N120,573467.3943329687;-168548.63029828045,P131;P132;P136,143,,0.0,,Points:P136-P131/(P132),,,
N121,573602.5535295017;-168507.10324079273,P132;P133,,,0.0,,,,,
N122,576775.5118054462;-168510.17586951458,P397,,,0.0,,Edge,,,
N124,573335.2363343933;-168548.61089195014,P136;P115;P137,101,,0.0,,Points:P115-P136/(P137),,,
N125,573428.8063398595;-168476.3391438554,P138;P143;P452,117,,0.0,,Points:P452-P138/(P143),,,
N126,573473.2903397983;-168456.70482664098,P138;P139;P142,123,,0.0,,Points:P139-P138/(P142),,,
N127,573582.81301551;-168383.68970949991,P152;P333;P456,125,,0.0,,Points:P152-P456/(P333),,,
N128,573470.8364651424;-168465.77554604845,P140;P141;P143,119,,0.0,,Points:P140-P141/(P143),,,
N129,573430.9534656418;-168465.76924055428,P141;P142;P451,121,,0.0,,Points:P451-P141/(P142),,,
N130,573189.2064686689;-168465.7310204029,P144;P145;P405,127,,0.0,,Points:P405-P144/(P145),,,
N131,573362.233733054;-168382.1557784676,P145;P146;P148,129,,0.0,,Points:P145-P146/(P148),,,
N132,573458.8713880937;-168341.0464267999,P147;P149;P334,139,,0.0,,Points:P334-P147/(P149),,,
N133,573580.3587258579;-168301.1642199581,P171;P336;P337,141,,0.0,,Points:P171-P336/(P337),,,
N134,573657.362063683;-168341.6599992128,P339,,,0.0,,Edge,,,
N135,573563.1788897421;-168341.3688611172,P150;P151;P335,,,0.0,,Points:P335-P150/(P151),,,
N136,573624.8427257965;-168372.33861986035,P151,,,0.0,,Edge,,,
N137,574721.721924486;-168383.495391927,P153;P517,,,0.0,,,,,
N138,575493.0272821866;-168444.4405043878,P153;P154;P155,204,,0.0,,Points:P155-P154/(P153),,,
N139,575354.1523537922;-168449.43600540917,P154,,,0.0,,Edge,,,
N140,575567.460247405;-168443.94095428567,P157;P347;P348,202,,0.0,,Points:P157-P347/(P348),,,
N141,575749.2928397356;-168509.71727640656,P156;P349;P350,6,,0.0,,Points:P156-P350/(P349),,,
N142,574464.453621885;-168300.07052487004,P463,,,0.0,,Edge,,,
N143,575164.8228650818;-168300.07052487004,P159;P464,,,0.0,,,,,
N146,573649.3730145411;-168383.67835321202,P162;P163;P340,147,,0.0,,Points:P340-P162/(P163),,,
N147,573807.1313537486;-168341.654878275,P163;P429,,,0.0,,,,,
N148,574602.1453715172;-168341.654878275,P165;P473,,,0.0,,,Stop board,P165,
N153,574691.9819710436;-168319.24010272755,P169;P488,,,0.0,,,,,
N151,574759.3802676469;-168300.2998104287,P168;P169;P430,230,,0.0,,Points:P430-P168/(P169),,,
N152,573239.3816126097;-168301.10124936313,P170,,,0.0,,Edge,,,
N154,573826.3681845105;-168300.62335956344,P341,,,0.0,,Edge,,,
N155,572217.9857190455;-169021.72098113564,P172,,,0.0,,Edge,,,
N156,573229.9059123137;-168880.92038934212,P172;P173,,,0.0,,,,,
N157,574555.172175048;-168880.48747241925,P174;P370,,,0.0,,,,,
N158,574935.1568608059;-168781.54319885888,P175;P223;P224,104,,0.0,,Points:P175-P224/(P223),,,
N159,575137.5575246363;-168748.34691163833,P176;P210;P216,70,,0.0,,Points:P216-P176/(P210),,,
N160,575411.5074677188;-168724.17485783697,P362;P470,,,0.0,,,,,
N149,572812.7153443188;-168715.29296362447,P178;P179;P309,47,,0.0,,Points:P309-P178/(P179),,,
N162,572848.5503247321;-168715.25549665382,P180;P178;P181,45,,0.0,,Points:P180-P178/(P181),,,
N163,572963.9528328382;-168675.47351678126,P182;P183;P312,59,,0.0,,Points:P312-P182/(P183),,,
N164,572921.6587013666;-168706.00018399884,P184;P185;P314,61,,0.0,,Points:P314-P185/(P184),,,
N165,572954.4661616797;-168724.414693981,P185;P186;P277,67,,0.0,,Points:P186-P277/(P185),,,
N166,573173.7469931912;-168788.54798736706,P187;P237;P317,69,,0.0,,Points:P317-P237/(P187),,,
N167,573209.9410300526;-168807.38581941774,P187;P188;P236,75,,0.0,,Points:P188-P236/(P187),,,
N168,573311.7499875403;-168830.0335500854,P189;P319;P416,77,,0.0,,Points:P319-P416/(P189),,,
N169,573344.9807699217;-168847.60141593046,P189;P190;P418,83,,0.0,,Points:P190-P418/(P189),,,
N170,573447.8480325807;-168871.7307738381,P191;P246;P323,85,,0.0,,Points:P323-P246/(P191),,,
N171,573485.9470187506;-168891.4152500259,P191;P192;P247,91,,0.0,,Points:P192-P191/(P247),,,
N172,573544.3654642114;-168922.3177610304,P193;P248;P436,145,,0.0,,Points:P436-P248/(P193),,,
N173,574530.0793596068;-168922.55729865367,P194;P195;P371,96,,0.0,,Points:P371-P194/(P195),,,
N174,574829.3018479607;-168897.05394732553,P250;P251;P471,136,,0.0,,Points:P251-P250/(P471),,,
N175,574752.4984490189;-168838.45533080376,P196;P281;P369,94,,0.0,,Points:P369-P281/(P196),,,
N176,574779.0577631665;-168813.77817277692,P196;P197;P279,88,,0.0,,Points:P197-P279/(P196),,,
N177,574893.2419011547;-168753.7583053726,P198;P287;P443,86,,0.0,,Points:P443-P198/(P287),,,
N178,574924.6111698329;-168726.1533489358,P198;P200;P289,80,,0.0,,Points:P200-P198/(P289),,,
N179,575296.4305969008;-168679.34550144005,P199;P5;P290,78,,0.0,,Points:P199-P5/(P290),,,
N180,575012.6542505893;-168711.51435688598,P202;P285;P291,74,,0.0,,Points:P291-P202/(P285),,,
N181,575052.1795291238;-168724.68944973082,P202;P203;P283,22,,0.0,,Points:P203-P202/(P283),,,
N182,575155.6981157616;-168737.65541411782,P204;P209;P434,20,,0.0,,Points:P434-P209/(P204),,,
N183,575196.4781650433;-168754.38569074616,P204;P205;P210,68,,0.0,,Points:P205-P204/(P210),,,
N184,575254.4067478689;-168775.29853653166,P206;P207;P365,40,,0.0,,Points:P365-P206/(P207),,,
N185,575624.3549898132;-168819.00638422326,P257;P364;P445,38,,0.0,,Points:P257-P445/(P364),,,
N186,576232.3425562297;-168773.42477642602,P259,,,0.0,,Edge,,,
N187,575192.082684237;-168743.53586814416,P208;P176;P209,18,,0.0,,Points:P208-P176/(P209),,,
N188,575184.3656481081;-168694.36558358042,P211;P82;P212,54,,0.0,,Points:P211-P82/(P212),,,
N189,575054.1648093078;-168752.20281046288,P213;P218;P433,56,,0.0,,Points:P433-P218/(P213),,,
N190,575018.8235292352;-168777.38855028473,P213;P214;P217,62,,0.0,,Points:P214-P213/(P217),,,
N191,574913.8152430428;-168868.3821909313,P252;P253;P380,64,,0.0,,Points:P252-P253/(P380),,,
N192,575015.2270562705;-168768.41066680022,P215;P218;P432,58,,0.0,,Points:P432-P215/(P218),,,
N193,575059.8765024621;-168761.08758884206,P216;P215;P217,60,,0.0,,Points:P216-P215/(P217),,,
N194,574734.8593117394;-168782.66962336353,P219;P220;P441,110,,0.0,,Points:P441-P219/(P220),,,
N195,574898.3788218617;-168783.4818744351,P221;P223;P444,106,,0.0,,Points:P444-P223/(P221),,,
N196,574936.5636532045;-168792.41874985574,P221;P222;P225,100,,0.0,,Points:P222-P221/(P225),,,
N197,575066.1483468037;-168837.30623776396,P253;P254;P381,98,,0.0,,Points:P254-P253/(P381),,,
N198,574889.6353159872;-168793.3965612502,P224;P225;P379,102,,0.0,,Points:P379-P224/(P225),,,
N199,574738.6059324604;-168771.18977714964,P226;P228;P440,114,,0.0,,Points:P440-P226/(P228),,,
N200,574776.4727983548;-168782.87633019054,P227;P220;P228,108,,0.0,,Points:P227-P220/(P228),,,
N201,573273.0213406186;-168715.0766629774,P229;P230;P233,131,,0.0,,Points:P229-P233/(P230),,,
N202,574479.6169740118;-168715.07666297746,P231;P375,,,0.0,,,,,
N203,573716.3437709763;-168676.73757974635,P232;P409;P410,133,,0.0,,Points:P232-P409/(P410),,,
N204,573209.1534902223;-168797.48503389853,P234;P235;P237,71,,0.0,,Points:P234-P235/(P237),,,
N205,573169.5954909093;-168797.477666539,P235;P236;P316,73,,0.0,,Points:P316-P235/(P236),,,
N206,573169.7503329109;-168839.31901556006,P238;P77;P240,93,,0.0,,Points:P77-P238/(P240),,,
N207,573346.361487843;-168797.51058778568,P239;P234;P318,95,,0.0,,Points:P239-P234/(P318),,,
N208,573373.1004873794;-168797.51556770952,P241;P243;P320,135,,0.0,,Points:P320-P241/(P243),,,
N209,573523.8237850991;-168756.45969124726,P242;P411;P468,137,,0.0,,Points:P242-P468/(P411),,,
N210,573442.1749009888;-168880.85104868206,P244;P247;P321,89,,0.0,,Points:P321-P244/(P247),,,
N211,573484.1308987503;-168880.83734316344,P245;P244;P246,87,,0.0,,Points:P245-P244/(P246),,,
N212,573696.3160347278;-168963.85485508072,P248;P249,,,0.0,,,,,
N213,574686.5964977171;-168962.9959821726,P250;P367,,,0.0,,,,,
N214,574871.8267548879;-168877.39498233626,P252;P366,,,0.0,,,,,
N215,575095.9925838906;-168831.8747182093,P254;P255,D44,,0.0,,,Signal,P255,
N216,575371.6868036768;-168825.16015021873,P256;P255,D26,,0.0,,,Signal,P255,
N217,576232.2814412494;-168819.2779155577,P258,,,0.0,,Edge,,,
N218,575845.2959677753;-168819.105067869,P258;P260;P387,,,0.0,,Points:P387-P258/(P260),,,
N219,575968.980436191;-168773.92938769973,P259;P388;P389,,,0.0,,Points:P259-P388/(P389),,,
N222,574326.1740841633;-169012.04839045941,P263,,,0.0,,Edge,,,
N223,575093.1064294862;-168964.20953766513,P263;P264,,,0.0,,,,,
N224,575567.9699893284;-168859.46762838922,P266;P384,,,0.0,,,,,
N225,575648.5409874007;-168819.01718693826,P265;P257;P266,36,,0.0,,Points:P265-P257/(P266),,,
N226,575391.5462031632;-168509.28165646692,P267;P268,,,0.0,,,Signal,P267,
N227,575366.4592217625;-168509.25110862043,P268;P270;P360,130,,0.0,,Points:P268-P360/(P270),,,
N228,575264.0653186701;-168528.49481608812,P270;P269,,,0.0,,,,,
N229,575075.8294831088;-168528.27879595052,P271;P128,,,0.0,,,,,
N230,573277.5131866009;-168590.2952715254,P272;P273;P275,111,,0.0,,Points:P272-P273/(P275),,,
N231,573232.552207078;-168590.25236055197,P273;P274;P414,113,,0.0,,Points:P414-P273/(P274),,,
N232,572904.070294386;-168715.19744820366,P276;P180;P277,65,,0.0,,Points:P180-P276/(P277),,,
N233,574744.4583233799;-168831.199221751,P278;P174;P279,90,,0.0,,Points:P174-P278/(P279),,,
N234,574791.8403436182;-168818.86140986535,P280;P278;P281,92,,0.0,,Points:P280-P278/(P281),,,
N235,575005.3048035045;-168723.1730533099,P282;P283;P378,24,,0.0,,Points:P378-P282/(P283),,,
N236,575060.5903143273;-168713.624696956,P284;P282;P285,72,,0.0,,Points:P284-P282/(P285),,,
N237,574931.310275348;-168735.95264261935,P286;P81;P287,84,,0.0,,Points:P286-P81/(P287),,,
N238,574884.2141403337;-168745.9950207809,P288;P80;P289,82,,0.0,,Points:P80-P288/(P289),,,
N239,575015.6511565505;-168714.69244747647,P290;P200,,,0.0,,,,,
N240,575044.1989359392;-168707.9599968667,P291;P457,,,0.0,,,,,
N241,571709.9819470607;-168716.44591750804,P292;P6,YXT,,0.0,,,Signal,P6,
N242,571894.9968459359;-168716.25247669386,P293;P292,XT,,0.0,,,Signal,P292,
N243,572033.4302611166;-168590.36250949698,P294;P20,,,0.0,,,,,
N244,572155.1111038594;-168590.16688113246,P295;P294,D9,,0.0,,,Signal,P294,
N245,572172.194646055;-168631.8236564845,P296;P39,D1,,0.0,,,Signal,P39,
N246,572321.9318882647;-168589.89868051442,P297;P29,D17,,0.0,,,Signal,P297,
N247,572381.7076460397;-168631.82212799395,P298;P30,D19,,0.0,,,Signal,P30,
N248,572328.0196092515;-168715.79973328565,P299;P293,D11,,0.0,,,Signal,P293,
N249,572265.3665065945;-168797.3092611556,P300;P60,D5,,0.0,,,Signal,P60,
N250,572323.0103112966;-168838.7232327411,P301;P70,D7,,0.0,,,Signal,P70,
N251,572240.4412626349;-168880.15747359884,P303;P302,,,0.0,,,,,
N252,572323.0101105416;-168879.99899212492,P304;P303,D13,,0.0,,,Signal,P303,
N253,572395.199805413;-168926.08349950836,P305;P17,D15,,0.0,,,Signal,P17,
N254,572286.192384034;-168959.50632003695,P306;P16,D28,,0.0,,,,,
N255,572580.6443085128;-168893.76660335335,P307;P76,D25,,0.0,,,Signal,P307,
N256,572591.6315009372;-168797.37002538945,P308;P73,D23,,0.0,,,Signal,P308,
N257,572662.0524266682;-168715.45048800568,P309;P56,D27,,0.0,,,Signal,P56,
N258,572561.1776460352;-168631.8208186804,P310;P33,D29,,0.0,,,Signal,P310,
N259,572916.208900219;-168675.39330404354,P311;P57,D31,,0.0,,,Signal,P311,
N260,572922.274891658;-168675.40349528167,P312;P311,D33,,0.0,,,Signal,P311,
N261,572867.3132179412;-168699.7940211506,P313;P109,,,0.0,,,,,
N262,572930.818948842;-168699.38858525967,P314;P437,,,0.0,,,,,
N263,572834.8744967192;-168797.4153274431,P315;P102,D35,,0.0,,,Signal,P315,
N264,572928.2484951;-168797.4327176001,P316;P315,D41,,0.0,,,Signal,P315,
N265,573062.2047572512;-168755.92511334215,P317;P186,,,0.0,,,,,
N266,573234.8403740611;-168823.9105195038,P318;P240,,,0.0,,,,,
N267,573280.1391106696;-168823.00160866097,P319;P453,,,0.0,,,,,
N268,573354.432487703;-168797.51209094457,P320;P239,D57,,0.0,,,Signal,P239,
N269,573339.415906471;-168880.88461635745,P321;P322,,,0.0,,,Signal,P322,
N270,573265.5279104131;-168880.90875291385,P322;P173,,,0.0,,,,,
N271,573401.5853689836;-168860.8790379326,P323;P190,,,0.0,,,,,
N272,573574.8293313816;-168839.28384646671,P324;P415,SIV,,0.0,,,Signal,P324,
N273,573524.2994847574;-168797.543727308,P325;P241,S5,,0.0,,,Signal,P325,
N274,573572.1137837427;-168756.47113715703,P326;P242,SVI,,0.0,,,Signal,P326,
N275,573517.1643406193;-168715.0766629774,P327;P230,S7,,0.0,,,Signal,P327,
N276,573786.3146722262;-168676.85513515587,P328;P232,SVIII,,0.0,,,Signal,P328,
N277,573395.5381328473;-168590.40791509746,P329;P272,SX,,0.0,,,Signal,P329,
N278,573575.614463833;-168465.79211142886,P330;P140,S13,,0.0,,,Signal,P330,
N279,573621.6495153445;-168507.12649354016,P331;P133,S12,,0.0,,,Signal,P331,
N280,573622.2793312992;-168548.65304188634,P332;P131,S11,,0.0,,,Signal,P332,
N281,573526.5856573015;-168421.1746149722,P333;P139,,,0.0,,,,,
N282,573430.8990135625;-168352.9457861243,P334;P146,D59,,0.0,,,Signal,P146,
N283,573543.979981469;-168341.30951364187,P335;P149,D63,,0.0,,,Signal,P335,
N284,573428.9273800931;-168301.13625408718,P336;P455,D61,,0.0,,,Signal,P455,
N285,573528.5004217312;-168318.1884107068,P337;P147,,,0.0,,,,,
N286,573627.6926114626;-168301.06015475592,P338;P171,D65,,0.0,,,Signal,P338,
N287,573620.8236143319;-168341.54705191962,P339;P150,,,0.0,,,,,
N288,573634.2620147611;-168383.68093141014,P340;P152,D67,,0.0,,,Signal,P152,
N289,573773.3692593952;-168300.739879553,P341;P338,,,0.0,,,,,
N291,573879.6400111903;-168383.63906567678,P343;P162,S15,,0.0,,,Signal,P343,
N293,573969.4120098838;-168383.62374901996,P344;P343,,,0.0,,,Stop board,P344,
N294,575447.0434854735;-168400.9136249603,P346;P159,T,,0.0,,,Signal,P346,
N295,575519.374620137;-168426.75899317753,P347;P346,,,0.0,,,,,
N296,575518.6977040565;-168444.26821967727,P348;P155,,,0.0,,,,,
N297,575632.0526391786;-168467.30667719268,P349;P157,D18,,0.0,,,Signal,P157,
N298,575579.1090641106;-168509.51004749513,P350;P267,D20,,0.0,,,Signal,P267,
N299,575307.0162622377;-168592.23223894794,P351;P361,D36,,0.0,,,Signal,P361,
N300,575316.22549484;-168676.42070175306,P352;P83,D34,,0.0,,,Signal,P352,
N301,575321.287942045;-168675.76293789322,P353;P352,D32,,0.0,,,Signal,P352,
N302,575296.1647888324;-168679.3353984306,P354;P199,D46,,0.0,,,Signal,P354,
N303,574976.0413500478;-168632.01348141945,P355;P508,X9,,0.0,,,Signal,P508,
N304,575080.0942383804;-168612.06693664976,P356;P125,,,0.0,,,,,
N305,574953.9793169172;-168548.84859122924,P357;P512,X11,,0.0,,,Signal,P512,
N306,574870.9995890929;-168508.6477986988,P358;P514,X12,,0.0,,,Signal,P514,
N307,574872.1034476061;-168465.99708607525,P359;P516,X13,,0.0,,,Signal,P516,
N308,575126.2833998344;-168508.95865198676,P360;P489,D42,,0.0,,,Signal,P360,
N309,575192.1423145559;-168592.12260270395,P361;P124,D40,,0.0,,,Signal,P361,
N310,575354.4130007274;-168729.21260492443,P362;P208,D30,,0.0,,,Signal,P362,
N311,575474.8223432758;-168774.87621234046,P363;P207,D24,,0.0,,,Signal,P363,
N312,575431.1455236555;-168796.17948856074,P364;P419,,,0.0,,,,,
N313,575219.1152008375;-168762.5579058344,P365;P205,D38,,0.0,,,Signal,P205,
N314,574841.835350644;-168891.2597973027,P366;P251,D50,,0.0,,,Signal,P366,
N315,574656.2406736778;-168963.02230986042,P367;P492,X1,,0.0,,,Signal,P492,
N316,574557.8805613489;-168920.1877447499,P368;P194,,,0.0,,,,,
N317,574635.2059704552;-168882.80641724728,P369;P195,,,0.0,,,,,
N318,574533.5258427422;-168880.4945434991,P370;P496,X3,,0.0,,,Signal,P496,
N319,574496.0684360951;-168922.54903368364,P371;P494,X2,,0.0,,,Signal,P494,
N320,574459.559468522;-168797.7179119657,P372;P500,X5,,0.0,,,Signal,P500,
N321,574459.4043280338;-168839.20704737137,P373;P498,XIV,,0.0,,,Signal,P498,
N322,574433.2487595397;-168756.67524719,P374;P502,XVI,,0.0,,,Signal,P502,
N323,574433.3563406046;-168715.07666297746,P375;P504,X7,,0.0,,,Signal,P504,
N324,574770.4582832858;-168678.50855683832,P376;P506,FXVIII,,0.0,,,Signal,P506,
N325,575170.1687191711;-168679.18009490854,P377;P376,XVIII,,0.0,,,Signal,P376,
N326,574947.7863508677;-168733.10706087406,P378;P286,D48,,0.0,,,Signal,P378,
N327,574833.680171342;-168807.96673038174,P379;P280,D52,,0.0,,,Signal,P379,
N328,574955.7202194312;-168832.06994833547,P380;P214,,,0.0,,,,,
N329,575021.341482459;-168821.78536469155,P381;P431,,,0.0,,,,,
N330,575473.6658280159;-168880.26854626092,P384;P385,D22,,0.0,,,Signal,P385,
N332,575371.4439606181;-168902.8158934706,P385;P264,,,0.0,,,,,
N333,575687.6239835022;-168819.0346434218,P386;P265,D14,,0.0,,,Signal,P386,
N334,575691.0729831582;-168819.03618392308,P387;P386,D3-side,,0.0,,,Signal,P386,
N335,575770.9337997349;-168774.30885216285,P388;P363,D5-side,,0.0,,,Signal,P363,
N336,575905.438777387;-168797.1379416299,P389;P260,,,0.0,,,,,
N339,575958.7445762765;-168509.86707673053,P391;P450,D8,,0.0,,,Signal,P391,
N338,576088.997566968;-168509.91632109563,P392;P391,,,0.0,,,,,
N341,576125.5118895416;-168593.01341508137,P394;P406,SN,,0.0,,,Signal,P394,
N342,576394.0013815494;-168638.5632389537,P395;P85,S,,0.0,,,Signal,P395,
N343,576464.4755401316;-168510.05827694858,P396;P408,TF2,,0.0,,,Signal,P396,
N344,576719.5235219048;-168510.15470218888,P397;P396,TF3,,0.0,,,Signal,P397,
N345,576734.9040684279;-168634.93444269648,P398;P395,FS,,0.0,,,Signal,P398,
N346,573759.4540109811;-168963.80009534417,P399;P249,S1,,0.0,,,Signal,P399,
N347,573761.8054577918;-168922.37060096656,P400;P193,S2,,0.0,,,Signal,P400,
N348,573624.1718912788;-168880.79159679738,P401;P245,S3,,0.0,,,Signal,P401,
N349,572941.4325303908;-168424.32708252268,P402;P454,D39,,0.0,,,Signal,P454,
N350,572941.5574717635;-168465.69186714652,P403;P25,D37,,0.0,,,Signal,P25,
N351,573157.847469061;-168465.7260625514,P404;P423,D49,,0.0,,,Signal,P404,
N352,573159.9614690347;-168465.72639677438,P405;P404,D51,,0.0,,,Signal,P404,
N353,575736.3730667775;-168592.64201913172,P406;P89,D12,,0.0,,,Signal,P406,
N354,575663.3447753601;-168646.3408366669,P407;P96,D16,,0.0,,,Signal,P407,
N355,576182.5675602809;-168509.9516968278,P408;P392,TF1,,0.0,,,Signal,P408,
N356,573488.4810925649;-168676.35475645825,P409;P425,,,0.0,,,,,
N357,573490.4355269145;-168696.27440977923,P410;P439,,,0.0,,,,,
N358,573448.5766859454;-168776.9564270123,P411;P243,,,0.0,,,,,
N359,573264.56535401;-168631.8975672577,P412;P120,S9,,0.0,,,Signal,P412,
N360,573090.8474683858;-168639.8682461971,P413;P111,D43,,0.0,,,Signal,P111,
N361,573144.5232471699;-168590.16834529242,P414;P3,D53,,0.0,,,Signal,P3,
N362,573349.7123322331;-168839.30339119944,P415;P416;P417,79,,0.0,,Points:P415-P417/(P416),,,
N363,573306.6993323951;-168839.30712560238,P417;P238;P418,81,,0.0,,Points:P238-P417/(P418),,,
N364,575270.4630755621;-168777.19552493634,P419;P206,,,0.0,,,,,
N365,575773.6567945456;-168530.4277291901,P420;P94,,,0.0,,,,,
N366,575000.1454933484;-168508.80505672802,P421;P358;P422,120,,0.0,,Points:P358-P421/(P422),,,
N367,573141.3174692675;-168465.72344916177,P423;P403;P424,105,,0.0,,Points:P423-P403/(P424),,,
N369,573129.5825990849;-168675.75178495655,P425;P426;P428,53,,0.0,,Points:P425-P426/(P428),,,
N370,573078.052671809;-168675.66521151524,P426;P182;P427,55,,0.0,,Points:P182-P426/(P427),,,
N372,574965.1860921918;-168802.33341916013,P431;P222,,,0.0,,,,,
N373,574964.418895636;-168776.74385238197,P432;P175,,,0.0,,,,,
N374,575080.4034411545;-168740.54720426872,P433;P212,,,0.0,,,,,
N375,575128.879230516;-168734.29628101634,P434;P446,,,0.0,,,,,
N376,575295.2714338959;-168679.30144320327,P435;P121,,,0.0,,,,,
N377,573514.6106602708;-168906.57790097492,P436;P192,,,0.0,,,,,
N378,572947.9490282121;-168687.0245949341,P437;P183,,,0.0,,,,,
N379,573209.3012629192;-168608.53234450266,P438;P112,,,0.0,,,,,
N380,573305.1205291644;-168712.3006846442,P439;P233,,,0.0,,,,,
N381,574681.8360539151;-168762.9621007489,P440;P13,,,0.0,,,,,
N382,574696.6473440557;-168791.48128381942,P441;P79,,,0.0,,,,,
N383,574802.0614826678;-168783.00343695743,P442;P227,,,0.0,,,,,
N384,574807.849501212;-168798.64405406063,P443;P197,,,0.0,,,,,
N385,574873.3746028794;-168783.35767088502,P444;P442,,,0.0,,,,,
N386,575486.2608276485;-168822.36968520825,P445;P256,,,0.0,,,,,
N387,575075.8743876504;-168727.65729059678,P446;P203,,,0.0,,,,,
N388,575096.6494669284;-168707.39692346286,P447;P284,,,0.0,,,,,
N389,574056.143291417;-168677.30846380084,P448;P328,FSVIII,,0.0,,,Signal,P448,
N390,575675.0573815188;-168566.66133086558,P449;P93,,,0.0,,,,,
N391,575935.5735779323;-168509.85831653935,P450;P134,TF,,0.0,,,Signal,P450,
N392,573323.7894669871;-168465.75229794774,P451;P144,,,0.0,,,,,
N393,573389.122359238;-168506.9903192676,P452;P137,,,0.0,,,,,
N394,573229.1699978485;-168811.66336526838,P453;P188,,,0.0,,,,,
N395,572811.5776275239;-168424.32708252268,P454;P27,,,0.0,,,,,
N396,573277.6776119567;-168301.10832174943,P455;P170,,,0.0,,,,,
N397,573455.1262862746;-168382.80176284327,P456;P148,,,0.0,,,,,
N398,575170.0992351413;-168693.7739308167,P457;P201,,,0.0,,,,,
N399,575275.8093355064;-168560.77029305353,P458;P116,,,0.0,,,,,
N400,573295.9773885722;-168568.10741525667,P459;P114,,,0.0,,,,,
N401,575577.9274652998;-168633.9987499117,P460;P98,,,0.0,,,,,
N402,575486.0708179821;-168610.91803745416,P461;P460,,,0.0,,,,,
N403,575477.8697012381;-168638.31673355706,P462;P88,,,0.0,,,,,
N404,574695.4637649773;-168300.25011966244,P463;P168,,,0.0,,,,,
N405,574796.3647413849;-168300.27889500002,P464;P430,,,0.0,,,,,
N406,576095.3444669229;-168551.97007448776,P467,,,0.0,,Edge,,,
N407,576004.5080523099;-168551.80195591558,P466;P465,D10,,0.0,,,Signal,P466,
N408,576063.7499508462;-168551.9115998666,P467;P466,,,0.0,,,,,
N409,573282.5107918789;-168756.40249417085,P468;P12,,,0.0,,,,,
N410,572447.9955034277;-168797.34327433896,P469;P50,,,0.0,,,,,
N411,576131.9691656322;-168724.47892254678,P470,,,0.0,,Edge,,,
N412,574663.7258003944;-168911.16633618987,P471;P368,,,0.0,,,,,
N413,575120.3806067788;-168639.59193303212,P472;P122,,,0.0,,,,,
N414,573877.7444988068;NaN,P473;P429,S16,,0.0,,,,,
N415,574043.7679040489;-168963.55350914015,P474;P491,,,0.0,,,,,
N416,574030.9364498458;-168922.43600229488,P475;P493,,,0.0,,,,,
N417,574025.7498698501;-168880.66041568483,P476;P495,,,0.0,,,,,
N418,574027.5163296716;-168839.244544031,P477;P497,,,0.0,,,,,
N419,574023.4954760949;-168797.63669855063,P478;P499,,,0.0,,,,,
N420,574027.4017709496;-168756.57905153595,P479;P501,,,0.0,,,,,
N421,574024.8843406142;-168715.07666297743,P480;P503,,,0.0,,,,,
N422,574342.1318878009;-168677.78894219952,P481;P505,,,0.0,,,,,
N423,574026.3023522518;-168631.94915787646,P482;P507,,,0.0,,,,,
N424,574033.7078421885;-168591.01698731375,P483;P509,,,0.0,,,,,
N425,574026.2243269415;-168548.712357933,P484;P511,,,0.0,,,,,
N426,574022.702218014;-168507.61484628965,P485;P513,,,0.0,,,,,
N427,574026.5674581934;-168465.86340700617,P486;P515,,,0.0,,,,,
N429,574020.6740091377;-168383.6150028356,P487;P344,,,0.0,,,,,
N433,574645.9067900262;-168330.73613937918,P488;P518,,,0.0,,,,,
N428,575044.8744601877;-168508.85952217327,P489;P421;P490,,,0.0,,Points:P489-P490/(P421),,,
N430,574024.2359113955;-168963.57044928992,P491;P399,,,0.0,,,Stop board,P491,
N431,574060.0698979176;-168963.53937037702,P492;P474,,,0.0,,,Stop board,P474,
N432,574014.1894503406;-168922.4319326186,P493;P400,,,0.0,,,Stop board,P493,
N434,574049.4204493;-168922.44049407827,P494;P475,,,0.0,,,Stop board,P475,
N435,574006.1868708944;-168880.66680621446,P495;P401,,,0.0,,,Stop board,P495,
N436,574040.9298690401;-168880.6554569239,P496;P476,,,0.0,,,Stop board,P476,
N437,574010.3853297366;-168839.24603134987,P497;P324,,,0.0,,,Stop board,P497,
N438,574045.163329605;-168839.24301191262,P498;P477,,,0.0,,,Stop board,P477,
N439,574006.7044763865;-168797.63357136183,P499;P325,,,0.0,,,Stop board,P499,
N440,574042.0134757737;-168797.6401473793,P500;P478,,,0.0,,,Stop board,P478,
N441,574009.7617714456;-168756.574870425,P501;P326,,,0.0,,,Stop board,P501,
N442,574044.648770465;-168756.58313949633,P502;P479,,,0.0,,,Stop board,P479,
N443,574008.1643406147;-168715.07666297743,P503;P327,,,0.0,,,Stop board,P503,
N444,574043.6423406142;-168715.07666297743,P504;P480,,,0.0,,,Stop board,P480,
N445,574321.0979174867;-168677.75360383812,P505;P448,,,0.0,,,Stop board,P505,
N446,574361.0538610963;-168677.82073227628,P506;P481,,,0.0,,,Stop board,P481,
N447,574008.3883522934;-168631.94794460424,P507;P412,,,0.0,,,Stop board,P507,
N448,574044.2313522107;-168631.9503721646,P508;P482,,,0.0,,,Stop board,P482,
N449,574017.4298496026;-168591.00145152063,P509;P329,,,0.0,,,Stop board,P509,
N450,574052.4788336394;-168591.03490243756,P510;P483,,,0.0,,,Stop board,P483,
N451,574009.6703271205;-168548.70992711236,P511;P332,,,0.0,,,Stop board,P511,
N452,574044.6023267434;-168548.7150565932,P512;P484,,,0.0,,,Stop board,P484,
N453,574005.5172307548;-168507.59392052173,P513;P331,,,0.0,,,Stop board,P513,
N454,574040.4692048421;-168507.63648074528,P514;P485,,,0.0,,,Stop board,P485,
N455,574007.2504584353;-168465.8603529924,P515;P330,,,0.0,,,Stop board,P515,
N456,574042.6834579919;-168465.86595494248,P516;P486,,,0.0,,,Stop board,P486,
N457,574038.4090088794;-168383.61197693768,P517;P487,,,0.0,,,Stop board,P487,
N459,574603.5308958865;-168341.3091815553,P518;P165,,,0.0,,,Stop board,P165,
