Name,Location,Paths,ID,Desc.,km,km change,Type,Device,Device direction,Track ID
P1,N1,N53,172.835,100,100,100,100,0,0,0,,,
P2,N2,N3,286.6092137,100,100,100,100,0,0,0,,,
P3,N3,N361,25.205,100,100,100,100,0,0,0,,,
P4,N5,N54,195.466,100,100,100,100,0,0,0,,,
P5,N6,N179,1.287,100,100,100,100,0,0,0,,,
P6,N8,N241,8.241,100,100,100,100,0,0,0,,,
P7,N9,N10,47.85870255,100,100,100,100,0,0,0,,,
P8,N10,N11,68.20887202,100,100,100,100,0,0,0,,,
P9,N11,N12,48.30588667,100,100,100,100,0,0,0,,,
P10,N12,N13,46.33621467,100,100,100,100,0,0,0,,,
P11,N13,N14,35.59593127,100,100,100,100,0,0,0,,,
P12,N14,N409,101.271,100,100,100,100,0,0,0,,,
P13,N15,N381,43.492,100,100,100,100,0,0,0,,,
P14,N17,N18,421.8880747,100,100,100,100,0,0,0,,,
P15,N18,N19,140.8581271,100,100,100,100,0,0,0,,,
P16,N19,N254,26.05,100,100,100,100,0,0,0,,,
P17,N20,N253,39.029,100,100,100,100,0,0,0,,,
P18,N21,N22,128.4763978,100,100,100,100,0,0,0,,,
P19,N22,N97,41.046,100,100,100,100,0,0,0,,,
P20,N24,N243,15.018,100,100,100,100,0,0,0,,,
P21,N25,N26,152.5168873,100,100,100,100,0,0,0,,,
P22,N26,N27,147.7703878,100,100,100,100,0,0,0,,,
P23,N27,N28,178.3711416,100,100,100,100,0,0,0,,,
P24,N28,N29,113.9959774,100,100,100,100,0,0,0,,,
P25,N29,N350,24.866,100,100,100,100,0,0,0,,,
P26,N30,N119,125.057,100,100,100,100,0,0,0,,,
P27,N32,N395,292.0832628,100,100,100,100,0,0,0,,,
P28,N33,N34,195.1610005,100,100,100,100,0,0,0,,,
P29,N35,N246,105.835,100,100,100,100,0,0,0,,,
P30,N36,N247,25.156,100,100,100,100,0,0,0,,,
P31,N35,N37,70.51578951,100,100,100,100,0,0,0,,,
P32,N37,N36,76.01357112,100,100,100,100,0,0,0,,,
P33,N38,N258,164.492,100,100,100,100,0,0,0,,,
P34,N39,N61,89.903,100,100,100,100,0,0,0,,,
P35,N38,N40,164.0771085,100,100,100,100,0,0,0,,,
P36,N40,N39,165.4942654,100,100,100,100,0,0,0,,,
P37,N41,N63,24.484,100,100,100,100,0,0,0,,,
P39,N45,N245,205.503,100,100,100,100,0,0,0,,,
P43,N48,N58,529.33,100,100,100,100,0,0,0,,,
P48,N53,N45,155.238,100,100,100,100,0,0,0,,,
P49,N54,N48,175.146,100,100,100,100,0,0,0,,,
P50,N55,N410,110.449,100,100,100,100,0,0,0,,,
P51,N56,N59,34.705,100,100,100,100,0,0,0,,,
P52,N55,N57,78.78618219,100,100,100,100,0,0,0,,,
P53,N57,N56,77.67841286,100,100,100,100,0,0,0,,,
P54,N58,N39,185.411,100,100,100,100,0,0,0,,,
P55,N59,N60,16.407,100,100,100,100,0,0,0,,,
P56,N60,N257,139.937,100,100,100,100,0,0,0,,,
P57,N61,N259,102.899,100,100,100,100,0,0,0,,,
P58,N60,N62,150.0887857,100,100,100,100,0,0,0,,,
P59,N62,N61,143.8916775,100,100,100,100,0,0,0,,,
P60,N63,N249,155.018,100,100,100,100,0,0,0,,,
P69,N73,N72,100,100,100,100,100,0,0,0,,,
P70,N72,N250,230.882,100,100,100,100,0,0,0,,,
P72,N76,N74,100,100,100,100,100,0,0,0,,,
P73,N77,N256,31.56,100,100,100,100,0,0,0,,,
P74,N74,N77,100,100,100,100,100,0,0,0,,,
P75,N78,N21,28.82310175,100,100,100,100,0,0,0,,,
P76,N78,N255,149.007,100,100,100,100,0,0,0,,,
P77,N79,N206,29.752,100,100,100,100,0,0,0,,,
P78,N80,N42,100,100,100,100,100,0,0,0,,,
P79,N42,N382,27.929,100,100,100,100,0,0,0,,,
P80,N16,N238,120.94,100,100,100,100,0,0,0,,,
P81,N81,N237,22.617,100,100,100,100,0,0,0,,,
P82,N82,N188,60.40775178,100,100,100,100,0,0,0,,,
P83,N7,N300,22.08,100,100,100,100,0,0,0,,,
P84,N83,N93,91.11,100,100,100,100,0,0,0,,,
P85,N85,N342,389.398,100,100,100,100,0,0,0,,,
P86,N86,N83,147.2856564,100,100,100,100,0,0,0,,,
P87,N87,N88,13.487,100,100,100,100,0,0,0,,,
P88,N86,N403,91.035,100,100,100,100,0,0,0,,,
P89,N88,N353,105.253,100,100,100,100,0,0,0,,,
P91,N89,N88,100,100,100,100,100,0,0,0,,,
P92,N89,N90,45.64211474,100,100,100,100,0,0,0,,,
P93,N90,N390,45.252,100,100,100,100,0,0,0,,,
P94,N91,N365,63.89,100,100,100,100,0,0,0,,,
P95,N90,N87,100,100,100,100,100,0,0,0,,,
P96,N93,N354,34.825,100,100,100,100,0,0,0,,,
P97,N94,N111,46.135,100,100,100,100,0,0,0,,,
P98,N93,N401,52.167,100,100,100,100,0,0,0,,,
P99,N95,N94,39.39175974,100,100,100,100,0,0,0,,,
P100,N96,N115,121.537,100,100,100,100,0,0,0,,,
P101,N97,N99,21.826,100,100,100,100,0,0,0,,,
P102,N98,N263,147.583,100,100,100,100,0,0,0,,,
P103,N97,N98,100,100,100,100,100,0,0,0,,,
P104,N99,N23,37.54542708,100,100,100,100,0,0,0,,,
P105,N100,N98,42.357,100,100,100,100,0,0,0,,,
P106,N100,N99,100,100,100,100,100,0,0,0,,,
P107,N23,N101,165.2289913,100,100,100,100,0,0,0,,,
P108,N101,N102,46.9944353,100,100,100,100,0,0,0,,,
P109,N102,N261,12.615,100,100,100,100,0,0,0,,,
P110,N103,N104,47.81560756,100,100,100,100,0,0,0,,,
P111,N104,N360,136.442,100,100,100,100,0,0,0,,,
P112,N105,N379,76.156,100,100,100,100,0,0,0,,,
P113,N106,N107,40.69995628,100,100,100,100,0,0,0,,,
P114,N107,N400,24.182,100,100,100,100,0,0,0,,,
P115,N108,N124,5.314,100,100,100,100,0,0,0,,,
P116,N109,N399,69.501,100,100,100,100,0,0,0,,,
P117,N110,N95,100,100,100,100,100,0,0,0,,,
P118,N111,N87,159.394,100,100,100,100,0,0,0,,,
P119,N110,N111,100,100,100,100,100,0,0,0,,,
P120,N105,N359,127.75,100,100,100,100,0,0,0,,,
P121,N113,N376,0.142,100,100,100,100,0,0,0,,,
P122,N112,N413,34.21499986,100,100,100,100,0,0,0,,,
P123,N114,N112,76.41639996,100,100,100,100,0,0,0,,,
P124,N115,N309,42.426,100,100,100,100,0,0,0,,,
P125,N114,N304,72.30335759,100,100,100,100,0,0,0,,,
P126,N116,N117,20.679,100,100,100,100,0,0,0,,,
P127,N117,N109,51.72466972,100,100,100,100,0,0,0,,,
P128,N116,N229,62.585,100,100,100,100,0,0,0,,,
P129,N119,N31,41.64841755,100,100,100,100,0,0,0,,,
P130,N118,N119,100,100,100,100,100,0,0,0,,,
P131,N120,N280,154.885,100,100,100,100,0,0,0,,,
P132,N120,N121,141.3948546,100,100,100,100,0,0,0,,,
P133,N121,N279,19.096,100,100,100,100,0,0,0,,,
P134,N92,N391,102.178,100,100,100,100,0,0,0,,,
P136,N124,N120,132.158,100,100,100,100,0,0,0,,,
P137,N124,N393,68.088,100,100,100,100,0,0,0,,,
P138,N125,N126,48.62440399,100,100,100,100,0,0,0,,,
P139,N126,N281,64.053,100,100,100,100,0,0,0,,,
P140,N128,N278,104.778,100,100,100,100,0,0,0,,,
P141,N129,N128,39.883,100,100,100,100,0,0,0,,,
P142,N129,N126,100,100,100,100,100,0,0,0,,,
P143,N125,N128,100,100,100,100,100,0,0,0,,,
P144,N130,N392,134.583,100,100,100,100,0,0,0,,,
P145,N130,N131,192.1542487,100,100,100,100,0,0,0,,,
P146,N131,N282,74.62,100,100,100,100,0,0,0,,,
P147,N132,N285,73.285,100,100,100,100,0,0,0,,,
P148,N131,N397,92.89479931,100,100,100,100,0,0,0,,,
P149,N132,N283,85.109,100,100,100,100,0,0,0,,,
P150,N135,N287,57.645,100,100,100,100,0,0,0,,,
P151,N135,N136,69.00401897,100,100,100,100,0,0,0,,,
P152,N127,N288,51.449,100,100,100,100,0,0,0,,,
P153,N137,N138,773.7094167,100,100,100,100,0,0,0,,,
P154,N139,N138,100,100,100,100,100,0,0,0,,,
P155,N138,N296,25.671,100,100,100,100,0,0,0,,,
P156,N141,N92,84.10280785,100,100,100,100,0,0,0,,,
P157,N140,N297,68.68867506,100,100,100,100,0,0,0,,,
P159,N143,N294,299.6961952,100,100,100,100,0,0,0,,,
P162,N146,N291,230.267,100,100,100,100,0,0,0,,,
P163,N146,N147,163.2595052,100,100,100,100,0,0,0,,,
P165,N148,N459,1.428,100,100,100,100,0,0,0,,,
P168,N151,N404,63.91652199,100,100,100,100,0,0,0,,,
P169,N153,N151,100,100,100,100,100,0,0,0,,,
P170,N152,N396,38.296,100,100,100,100,0,0,0,,,
P171,N133,N286,47.334,100,100,100,100,0,0,0,,,
P172,N155,N156,1021.668872,100,100,100,100,0,0,0,,,
P173,N156,N270,35.622,100,100,100,100,0,0,0,,,
P174,N157,N233,195.598,100,100,100,100,0,0,0,,,
P175,N158,N373,29.653,100,100,100,100,0,0,0,,,
P176,N159,N187,54.737,100,100,100,100,0,0,0,,,
P178,N149,N162,35.835,100,100,100,100,0,0,0,,,
P179,N149,N102,100,100,100,100,100,0,0,0,,,
P180,N162,N232,55.52,100,100,100,100,0,0,0,,,
P181,N101,N162,100,100,100,100,100,0,0,0,,,
P182,N163,N370,114.1,100,100,100,100,0,0,0,,,
P183,N163,N378,19.737,100,100,100,100,0,0,0,,,
P184,N164,N9,100,100,100,100,100,0,0,0,,,
P185,N164,N165,37.62211624,100,100,100,100,0,0,0,,,
P186,N165,N265,112.252,100,100,100,100,0,0,0,,,
P187,N166,N167,40.80284574,100,100,100,100,0,0,0,,,
P188,N167,N394,19.699,100,100,100,100,0,0,0,,,
P189,N168,N169,37.58875906,100,100,100,100,0,0,0,,,
P190,N169,N271,58.141,100,100,100,100,0,0,0,,,
P191,N170,N171,42.88369562,100,100,100,100,0,0,0,,,
P192,N171,N377,32.427,100,100,100,100,0,0,0,,,
P193,N172,N347,217.44,100,100,100,100,0,0,0,,,
P194,N173,N316,27.902,100,100,100,100,0,0,0,,,
P195,N173,N317,112.391,100,100,100,100,0,0,0,,,
P196,N175,N176,36.25409351,100,100,100,100,0,0,0,,,
P197,N176,N384,32.527,100,100,100,100,0,0,0,,,
P198,N177,N178,41.78593827,100,100,100,100,0,0,0,,,
P199,N179,N302,0.266,100,100,100,100,0,0,0,,,
P200,N178,N239,91.7585497,100,100,100,100,0,0,0,,,
P201,N6,N398,128.425,100,100,100,100,0,0,0,,,
P202,N180,N181,41.66330177,100,100,100,100,0,0,0,,,
P203,N181,N387,23.88,100,100,100,100,0,0,0,,,
P204,N182,N183,44.07850469,100,100,100,100,0,0,0,,,
P205,N183,N313,24.067,100,100,100,100,0,0,0,,,
P206,N184,N364,16.168,100,100,100,100,0,0,0,,,
P207,N184,N311,220.416,100,100,100,100,0,0,0,,,
P208,N187,N310,162.961,100,100,100,100,0,0,0,,,
P209,N182,N187,100,100,100,100,100,0,0,0,,,
P210,N159,N183,100,100,100,100,100,0,0,0,,,
P211,N188,N7,110.9957944,100,100,100,100,0,0,0,,,
P212,N188,N374,113.758,100,100,100,100,0,0,0,,,
P213,N189,N190,43.39732212,100,100,100,100,0,0,0,,,
P214,N190,N328,83.499,100,100,100,100,0,0,0,,,
P215,N192,N193,45.246,100,100,100,100,0,0,0,,,
P216,N193,N159,78.71890536,100,100,100,100,0,0,0,,,
P217,N193,N190,100,100,100,100,100,0,0,0,,,
P218,N189,N192,100,100,100,100,100,0,0,0,,,
P219,N194,N16,32.85589774,100,100,100,100,0,0,0,,,
P220,N194,N200,41.614,100,100,100,100,0,0,0,,,
P221,N195,N196,39.21669398,100,100,100,100,0,0,0,,,
P222,N196,N372,30.291,100,100,100,100,0,0,0,,,
P223,N195,N158,100,100,100,100,100,0,0,0,,,
P224,N198,N158,47.03948599,100,100,100,100,0,0,0,,,
P225,N198,N196,100,100,100,100,100,0,0,0,,,
P226,N199,N16,28.5644171,100,100,100,100,0,0,0,,,
P227,N200,N383,25.589,100,100,100,100,0,0,0,,,
P228,N199,N200,100,100,100,100,100,0,0,0,,,
P229,N14,N201,100.6463766,100,100,100,100,0,0,0,,,
P230,N201,N275,244.143,100,100,100,100,0,0,0,,,
P231,N202,N15,100,100,100,100,100,0,0,0,,,
P232,N203,N276,69.971,100,100,100,100,0,0,0,,,
P233,N201,N380,32.219,100,100,100,100,0,0,0,,,
P234,N204,N207,137.208,100,100,100,100,0,0,0,,,
P235,N205,N204,39.558,100,100,100,100,0,0,0,,,
P236,N205,N167,100,100,100,100,100,0,0,0,,,
P237,N204,N166,100,100,100,100,100,0,0,0,,,
P238,N206,N363,136.949,100,100,100,100,0,0,0,,,
P239,N207,N268,8.071,100,100,100,100,0,0,0,,,
P240,N206,N266,66.88897673,100,100,100,100,0,0,0,,,
P241,N208,N273,151.199,100,100,100,100,0,0,0,,,
P242,N209,N274,48.29,100,100,100,100,0,0,0,,,
P243,N208,N358,78.22617731,100,100,100,100,0,0,0,,,
P244,N210,N211,41.956,100,100,100,100,0,0,0,,,
P245,N211,N348,140.041,100,100,100,100,0,0,0,,,
P247,N210,N171,100,100,100,100,100,0,0,0,,,
P246,N170,N211,100,100,100,100,100,0,0,0,,,
P248,N172,N212,157.5255727,100,100,100,100,0,0,0,,,
P249,N212,N346,63.138,100,100,100,100,0,0,0,,,
P250,N213,N174,100,100,100,100,100,0,0,0,,,
P251,N174,N314,13.808,100,100,100,100,0,0,0,,,
P252,N214,N191,100,100,100,100,100,0,0,0,,,
P253,N191,N197,100,100,100,100,100,0,0,0,,,
P254,N197,N215,30.33446706,100,100,100,100,0,0,0,,,
P255,N215,N216,275.7759747,100,100,100,100,0,0,0,,,
P256,N216,N386,114.608,100,100,100,100,0,0,0,,,
P257,N185,N225,24.186,100,100,100,100,0,0,0,,,
P258,N218,N217,386.9855121,100,100,100,100,0,0,0,,,
P259,N219,N186,263.3626035,100,100,100,100,0,0,0,,,
P260,N218,N336,64.02899486,100,100,100,100,0,0,0,,,
P263,N222,N223,768.4229162,100,100,100,100,0,0,0,,,
P264,N223,N332,285.028,100,100,100,100,0,0,0,,,
P265,N225,N333,39.083,100,100,100,100,0,0,0,,,
P266,N224,N225,100,100,100,100,100,0,0,0,,,
P267,N226,N298,187.563,100,100,100,100,0,0,0,,,
P268,N227,N226,25.087,100,100,100,100,0,0,0,,,
P269,N117,N228,110.3567891,100,100,100,100,0,0,0,,,
P270,N228,N227,104.1865234,100,100,100,100,0,0,0,,,
P271,N229,N118,36.49368918,100,100,100,100,0,0,0,,,
P272,N230,N277,118.025,100,100,100,100,0,0,0,,,
P273,N231,N230,44.961,100,100,100,100,0,0,0,,,
P274,N231,N107,100,100,100,100,100,0,0,0,,,
P275,N106,N230,100,100,100,100,100,0,0,0,,,
P276,N232,N9,35.01580963,100,100,100,100,0,0,0,,,
P277,N232,N165,100,100,100,100,100,0,0,0,,,
P278,N233,N234,48.962,100,100,100,100,0,0,0,,,
P279,N233,N176,100,100,100,100,100,0,0,0,,,
P280,N234,N327,43.235,100,100,100,100,0,0,0,,,
P281,N175,N234,100,100,100,100,100,0,0,0,,,
P282,N235,N236,56.104,100,100,100,100,0,0,0,,,
P283,N235,N181,100,100,100,100,100,0,0,0,,,
P284,N236,N388,36.593,100,100,100,100,0,0,0,,,
P285,N180,N236,100,100,100,100,100,0,0,0,,,
P286,N237,N326,16.72,100,100,100,100,0,0,0,,,
P287,N177,N237,100,100,100,100,100,0,0,0,,,
P288,N238,N81,25.5704215,100,100,100,100,0,0,0,,,
P289,N238,N178,100,100,100,100,100,0,0,0,,,
P290,N239,N179,282.9955843,100,100,100,100,0,0,0,,,
P291,N240,N180,31.74430105,100,100,100,100,0,0,0,,,
P292,N241,N242,185.015,100,100,100,100,0,0,0,,,
P293,N242,N248,433.023,100,100,100,100,0,0,0,,,
P294,N243,N244,121.681,100,100,100,100,0,0,0,,,
P295,N244,N35,60.986,100,100,100,100,0,0,0,,,
P296,N245,N36,184.357,100,100,100,100,0,0,0,,,
P297,N246,N25,15.66914304,100,100,100,100,0,0,0,,,
P298,N247,N38,14.978,100,100,100,100,0,0,0,,,
P299,N248,N56,142.984,100,100,100,100,0,0,0,,,
P300,N249,N55,72.18,100,100,100,100,0,0,0,,,
P301,N250,N74,161.7771565,100,100,100,100,0,0,0,,,
P302,N75,N251,54.47872678,100,100,100,100,0,0,0,,,
P303,N251,N252,82.569,100,100,100,100,0,0,0,,,
P304,N252,N76,34.98311438,100,100,100,100,0,0,0,,,
P305,N253,N78,41.219,100,100,100,100,0,0,0,,,
P306,N254,N20,75.66136271,100,100,100,100,0,0,0,,,
P307,N255,N79,561.997494,100,100,100,100,0,0,0,,,
P308,N256,N100,53.303,100,100,100,100,0,0,0,,,
P309,N257,N149,150.663,100,100,100,100,0,0,0,,,
P310,N258,N2,274.5774358,100,100,100,100,0,0,0,,,
P311,N259,N260,6.066,100,100,100,100,0,0,0,,,
P312,N260,N163,41.678,100,100,100,100,0,0,0,,,
P313,N261,N103,48.60948678,100,100,100,100,0,0,0,,,
P314,N262,N164,11.29705146,100,100,100,100,0,0,0,,,
P315,N263,N264,93.374,100,100,100,100,0,0,0,,,
P316,N264,N205,241.347,100,100,100,100,0,0,0,,,
P317,N265,N166,116.2149831,100,100,100,100,0,0,0,,,
P318,N266,N207,114.603295,100,100,100,100,0,0,0,,,
P319,N267,N168,32.38357202,100,100,100,100,0,0,0,,,
P320,N268,N208,18.668,100,100,100,100,0,0,0,,,
P321,N269,N210,102.759,100,100,100,100,0,0,0,,,
P322,N270,N269,73.888,100,100,100,100,0,0,0,,,
P323,N271,N170,47.51835661,100,100,100,100,0,0,0,,,
P324,N272,N437,435.556,100,100,100,100,0,0,0,,,
P325,N273,N439,482.405,100,100,100,100,0,0,0,,,
P326,N274,N441,437.648,100,100,100,100,0,0,0,,,
P327,N275,N443,491,100,100,100,100,0,0,0,,,
P328,N276,N389,269.829,100,100,100,100,0,0,0,,,
P329,N277,N449,621.892,100,100,100,100,0,0,0,,,
P330,N278,N455,431.636,100,100,100,100,0,0,0,,,
P331,N279,N453,383.868,100,100,100,100,0,0,0,,,
P332,N280,N451,387.391,100,100,100,100,0,0,0,,,
P333,N281,N127,67.57687437,100,100,100,100,0,0,0,,,
P334,N282,N132,30.39816589,100,100,100,100,0,0,0,,,
P335,N283,N135,19.199,100,100,100,100,0,0,0,,,
P336,N284,N133,151.4313483,100,100,100,100,0,0,0,,,
P337,N285,N133,54.58119436,100,100,100,100,0,0,0,,,
P338,N286,N289,145.677,100,100,100,100,0,0,0,,,
P339,N287,N134,36.53862392,100,100,100,100,0,0,0,,,
P340,N288,N146,15.111,100,100,100,100,0,0,0,,,
P341,N289,N154,52.9990532,100,100,100,100,0,0,0,,,
P343,N291,N293,89.772,100,100,100,100,0,0,0,,,
P344,N293,N429,51.262,100,100,100,100,0,0,0,,,
P346,N294,N295,76.81,100,100,100,100,0,0,0,,,
P347,N295,N140,51.06317007,100,100,100,100,0,0,0,,,
P348,N296,N140,48.76364154,100,100,100,100,0,0,0,,,
P349,N297,N141,124.6752724,100,100,100,100,0,0,0,,,
P350,N298,N141,170.1839018,100,100,100,100,0,0,0,,,
P351,N299,N94,105.088,100,100,100,100,0,0,0,,,
P352,N300,N301,5.105,100,100,100,100,0,0,0,,,
P353,N301,N86,70.66,100,100,100,100,0,0,0,,,
P354,N302,N113,0.752,100,100,100,100,0,0,0,,,
P355,N303,N114,34.556,100,100,100,100,0,0,0,,,
P356,N304,N115,72.43362087,100,100,100,100,0,0,0,,,
P357,N305,N116,180.949,100,100,100,100,0,0,0,,,
P358,N306,N366,129.146,100,100,100,100,0,0,0,,,
P359,N307,N30,11.57137792,100,100,100,100,0,0,0,,,
P360,N308,N227,240.176,100,100,100,100,0,0,0,,,
P361,N309,N299,114.874,100,100,100,100,0,0,0,,,
P362,N310,N160,57.31628963,100,100,100,100,0,0,0,,,
P363,N311,N335,296.112,100,100,100,100,0,0,0,,,
P364,N312,N185,194.5532446,100,100,100,100,0,0,0,,,
P365,N313,N184,37.52088702,100,100,100,100,0,0,0,,,
P366,N314,N214,33.04114742,100,100,100,100,0,0,0,,,
P367,N315,N213,30.35583546,100,100,100,100,0,0,0,,,
P368,N316,N412,106.229,100,100,100,100,0,0,0,,,
P369,N317,N175,125.3975454,100,100,100,100,0,0,0,,,
P370,N318,N157,21.64633346,100,100,100,100,0,0,0,,,
P371,N319,N173,34.01092452,100,100,100,100,0,0,0,,,
P372,N320,N42,209.8730957,100,100,100,100,0,0,0,,,
P373,N321,N80,36.69646571,100,100,100,100,0,0,0,,,
P374,N322,N15,205.5449984,100,100,100,100,0,0,0,,,
P375,N323,N202,46.26063341,100,100,100,100,0,0,0,,,
P376,N324,N325,399.711,100,100,100,100,0,0,0,,,
P377,N325,N6,127.5481291,100,100,100,100,0,0,0,,,
P378,N326,N235,58.37,100,100,100,100,0,0,0,,,
P379,N327,N198,57.821,100,100,100,100,0,0,0,,,
P380,N328,N191,55.44912992,100,100,100,100,0,0,0,,,
P381,N329,N197,47.41890544,100,100,100,100,0,0,0,,,
P384,N330,N224,96.57097403,100,100,100,100,0,0,0,,,
P385,N332,N330,104.679,100,100,100,100,0,0,0,,,
P386,N333,N334,3.449,100,100,100,100,0,0,0,,,
P387,N334,N218,154.223,100,100,100,100,0,0,0,,,
P388,N335,N219,198.047,100,100,100,100,0,0,0,,,
P389,N336,N219,67.64746395,100,100,100,100,0,0,0,,,
P391,N339,N338,130.253,100,100,100,100,0,0,0,,,
P392,N338,N355,93.57,100,100,100,100,0,0,0,,,
P394,N341,N4,672.6605309,100,100,100,100,0,0,0,,,
P395,N342,N345,340.922,100,100,100,100,0,0,0,,,
P396,N343,N344,255.048,100,100,100,100,0,0,0,,,
P397,N344,N122,55.98828754,100,100,100,100,0,0,0,,,
P398,N345,N84,62.60727921,100,100,100,100,0,0,0,,,
P399,N346,N430,264.782,100,100,100,100,0,0,0,,,
P400,N347,N432,252.384,100,100,100,100,0,0,0,,,
P401,N348,N435,382.015,100,100,100,100,0,0,0,,,
P402,N349,N33,6.397105281,100,100,100,100,0,0,0,,,
P403,N350,N367,199.76,100,100,100,100,0,0,0,,,
P404,N351,N352,2.114,100,100,100,100,0,0,0,,,
P405,N352,N130,29.245,100,100,100,100,0,0,0,,,
P406,N353,N341,389.139,100,100,100,100,0,0,0,,,
P407,N354,N85,341.3,100,100,100,100,0,0,0,,,
P408,N355,N343,281.908,100,100,100,100,0,0,0,,,
P409,N356,N203,227.863,100,100,100,100,0,0,0,,,
P410,N357,N203,226.7514553,100,100,100,100,0,0,0,,,
P411,N358,N209,77.98873065,100,100,100,100,0,0,0,,,
P412,N359,N447,743.823,100,100,100,100,0,0,0,,,
P413,N360,N105,46.65529189,100,100,100,100,0,0,0,,,
P414,N361,N231,88.029,100,100,100,100,0,0,0,,,
P415,N362,N272,225.117,100,100,100,100,0,0,0,,,
P416,N168,N362,100,100,100,100,100,0,0,0,,,
P417,N363,N362,43.013,100,100,100,100,0,0,0,,,
P418,N363,N169,100,100,100,100,100,0,0,0,,,
P419,N364,N312,161.8,100,100,100,100,0,0,0,,,
P420,N365,N92,63.19346913,100,100,100,100,0,0,0,,,
P421,N366,N428,44.729,100,100,100,100,0,0,0,,,
P422,N366,N118,100,100,100,100,100,0,0,0,,,
P423,N367,N351,16.53,100,100,100,100,0,0,0,,,
P424,N34,N367,100,100,100,100,100,0,0,0,,,
P425,N369,N356,358.899,100,100,100,100,0,0,0,,,
P426,N370,N369,51.53,100,100,100,100,0,0,0,,,
P427,N370,N104,100,100,100,100,100,0,0,0,,,
P428,N103,N369,100,100,100,100,100,0,0,0,,,
P431,N372,N329,59.429,100,100,100,100,0,0,0,,,
P432,N373,N192,51.487,100,100,100,100,0,0,0,,,
P433,N374,N189,28.71095535,100,100,100,100,0,0,0,,,
P434,N375,N182,27.02843653,100,100,100,100,0,0,0,,,
P435,N376,N7,0.942571034,100,100,100,100,0,0,0,,,
P436,N377,N172,33.66142528,100,100,100,100,0,0,0,,,
P437,N378,N262,21.126,100,100,100,100,0,0,0,,,
P438,N379,N106,31.12713701,100,100,100,100,0,0,0,,,
P439,N380,N357,186.0066931,100,100,100,100,0,0,0,,,
P440,N381,N199,57.363,100,100,100,100,0,0,0,,,
P441,N382,N194,39.21479101,100,100,100,100,0,0,0,,,
P442,N383,N385,71.314,100,100,100,100,0,0,0,,,
P443,N384,N177,96.47068157,100,100,100,100,0,0,0,,,
P444,N385,N195,25.00452746,100,100,100,100,0,0,0,,,
P445,N386,N185,138.1351129,100,100,100,100,0,0,0,,,
P446,N387,N375,53.419,100,100,100,100,0,0,0,,,
P447,N388,N82,28.28263409,100,100,100,100,0,0,0,,,
P448,N389,N445,264.955,100,100,100,100,0,0,0,,,
P449,N390,N91,41.18879563,100,100,100,100,0,0,0,,,
P450,N391,N339,23.171,100,100,100,100,0,0,0,,,
P451,N392,N129,107.164,100,100,100,100,0,0,0,,,
P452,N393,N125,50.14292445,100,100,100,100,0,0,0,,,
P453,N394,N267,52.215,100,100,100,100,0,0,0,,,
P454,N395,N349,129.8549029,100,100,100,100,0,0,0,,,
P455,N396,N284,151.2497707,100,100,100,100,0,0,0,,,
P456,N397,N127,127.6898166,100,100,100,100,0,0,0,,,
P457,N398,N240,126.697,100,100,100,100,0,0,0,,,
P458,N399,N110,123.3536138,100,100,100,100,0,0,0,,,
P459,N400,N108,39.14593465,100,100,100,100,0,0,0,,,
P460,N401,N402,94.712,100,100,100,100,0,0,0,,,
P461,N402,N95,36.87408668,100,100,100,100,0,0,0,,,
P462,N403,N89,119.0521229,100,100,100,100,0,0,0,,,
P429,N147,N414,NaN,100,100,100,100,0,0,0,,,
P430,N151,N405,36.98447965,100,100,100,100,0,0,0,,,
P463,N404,N142,231.0102129,100,100,100,100,0,0,0,,,
P464,N405,N143,368.4581826,100,100,100,100,0,0,0,,,
P465,N91,N407,291.249,100,100,100,100,0,0,0,,,
P466,N407,N408,59.242,100,100,100,100,0,0,0,,,
P467,N408,N406,31.59457019,100,100,100,100,0,0,0,,,
P468,N409,N209,241.313,100,100,100,100,0,0,0,,,
P469,N410,N77,112.076,100,100,100,100,0,0,0,,,
P470,N160,N411,720.4617621,100,100,100,100,0,0,0,,,
P471,N412,N174,166.1763733,100,100,100,100,0,0,0,,,
P472,N413,N113,179.4818327,100,100,100,100,0,0,0,,,
P473,N414,N148,NaN,100,100,100,100,0,0,0,,,
P474,N415,N431,16.302,100,100,100,100,0,0,0,,,
P475,N416,N434,18.484,100,100,100,100,0,0,0,,,
P476,N417,N436,15.18,100,100,100,100,0,0,0,,,
P477,N418,N438,17.647,100,100,100,100,0,0,0,,,
P478,N419,N440,18.518,100,100,100,100,0,0,0,,,
P479,N420,N442,17.247,100,100,100,100,0,0,0,,,
P480,N421,N444,18.758,100,100,100,100,0,0,0,,,
P481,N422,N446,18.922,100,100,100,100,0,0,0,,,
P482,N423,N448,17.929,100,100,100,100,0,0,0,,,
P483,N424,N450,18.771,100,100,100,100,0,0,0,,,
P484,N425,N452,18.378,100,100,100,100,0,0,0,,,
P485,N426,N454,17.767,100,100,100,100,0,0,0,,,
P486,N427,N456,16.116,100,100,100,100,0,0,0,,,
P487,N429,N457,17.735,100,100,100,100,0,0,0,,,
P488,N433,N153,47.48769487,100,100,100,100,0,0,0,,,
P489,N428,N308,81.409,100,100,100,100,0,0,0,,,
P490,N31,N428,100,100,100,100,100,0,0,0,,,
P491,N430,N415,19.532,100,100,100,100,0,0,0,,,
P492,N431,N315,596.171,100,100,100,100,0,0,0,,,
P493,N432,N416,16.747,100,100,100,100,0,0,0,,,
P494,N434,N319,446.648,100,100,100,100,0,0,0,,,
P495,N435,N417,19.563,100,100,100,100,0,0,0,,,
P496,N436,N318,492.596,100,100,100,100,0,0,0,,,
P497,N437,N418,17.131,100,100,100,100,0,0,0,,,
P498,N438,N321,414.241,100,100,100,100,0,0,0,,,
P499,N439,N419,16.791,100,100,100,100,0,0,0,,,
P500,N440,N320,417.546,100,100,100,100,0,0,0,,,
P501,N441,N420,17.64,100,100,100,100,0,0,0,,,
P502,N442,N322,388.6,100,100,100,100,0,0,0,,,
P503,N443,N421,16.72,100,100,100,100,0,0,0,,,
P504,N444,N323,389.714,100,100,100,100,0,0,0,,,
P505,N445,N422,21.034,100,100,100,100,0,0,0,,,
P506,N446,N324,409.405,100,100,100,100,0,0,0,,,
P507,N447,N423,17.914,100,100,100,100,0,0,0,,,
P508,N448,N303,931.81,100,100,100,100,0,0,0,,,
P509,N449,N424,16.278,100,100,100,100,0,0,0,,,
P510,N450,N96,975.701,100,100,100,100,0,0,0,,,
P511,N451,N425,16.554,100,100,100,100,0,0,0,,,
P512,N452,N305,909.377,100,100,100,100,0,0,0,,,
P513,N453,N426,17.185,100,100,100,100,0,0,0,,,
P514,N454,N306,830.531,100,100,100,100,0,0,0,,,
P515,N455,N427,19.317,100,100,100,100,0,0,0,,,
P516,N456,N307,829.42,100,100,100,100,0,0,0,,,
P517,N457,N137,683.3129256,100,100,100,100,0,0,0,,,
P518,N459,N433,43.675,100,100,100,100,0,0,0,,,