Signal,State,Switch time,Type,Script
N1227,OFF,1,2 Aspect,CLEAR = [ TRACKCIRCUIT TC377 CLEAR ];

N1231,ON,1,2 Aspect,CLEAR = [ ROUTE R426 SET ];
CLEAR = [ ROUTE R3815 SET ];
CLEAR = [ ROUTE R7256 SET ];

N1234,ON,1,2 Aspect,CLEAR = [ ROUTE R1878 SET ];

N1258,OFF,1,2 Aspect,CLEAR = [ TRACKCIRCUIT TC393 CLEAR ];

N1284,ON,1,2 Aspect,CLEAR = [ ROUTE R3820 SET ];

N1285,ON,1,2 Aspect,CLEAR = [ ROUTE R429 SET ];
CLEAR = [ ROUTE R430 SET ];

N1286,ON,1,2 Aspect,CLEAR = [ ROUTE R428 SET ];
CLEAR = [ ROUTE R431 SET ];

N1304,ON,1,2 Aspect,CLEAR = [ ROUTE R427 SET ];
CLEAR = [ ROUTE R1891 SET ];

N1305,ON,1,2 Aspect,CLEAR = [ ROUTE R3814 SET ];

N3613,ON,1,2 Aspect,CLEAR = [ ROUTE R1436 SET ];

N3646,ON,1,2 Aspect,CLEAR = [ ROUTE R1424 SET ];

N3663,ON,1,2 Aspect,CLEAR = [ ROUTE R1421 SET ];

N3684,ON,1,2 Aspect,CLEAR = [ ROUTE R1422 SET ];

N3755,ON,1,2 Aspect,CLEAR = [ ROUTE R1423 SET ];

N3759,OFF,1,2 Aspect,CLEAR = [ TRACKCIRCUIT TC1151 CLEAR ];

N3773,ON,1,2 Aspect,CLEAR = [ ROUTE R1429 SET ];

N3781,ON,1,2 Aspect,CLEAR = [ ROUTE R1426 SET ];

N3782,ON,1,2 Aspect,CLEAR = [ ROUTE R1425 SET ];

N3840,ON,1,2 Aspect,CLEAR = [ ROUTE R1433 SET ];

N3847,ON,1,2 Aspect,CLEAR = [ ROUTE R1431 SET ];

N3909,ON,1,2 Aspect,CLEAR = [ ROUTE R1432 SET ];

N3911,OFF,1,2 Aspect,CLEAR = [ TRACKCIRCUIT TC1162 CLEAR ];

N3912,OFF,1,2 Aspect,CLEAR = [ TRACKCIRCUIT TC1164 CLEAR ];

N3916,ON,1,2 Aspect,CLEAR = [ ROUTE R1434 SET ];

N3922,ON,1,2 Aspect,CLEAR = [ ROUTE R1438 SET ];

N4693,ON,1,2 Aspect,CLEAR = [ ROUTE R1881 SET ];

N4884,ON,1,2 Aspect,CLEAR = [ ROUTE R1877 SET ];

N4887,OFF,1,2 Aspect,CLEAR = [ TRACKCIRCUIT TC1472 CLEAR ];

N4889,ON,1,2 Aspect,CLEAR = [ ROUTE R1879 SET ];

N4905,ON,1,2 Aspect,CLEAR = [ ROUTE R1880 SET ];

N5854,ON,1,2 Aspect,CLEAR = [ ROUTE R2181 SET ];

N5857,ON,1,2 Aspect,CLEAR = [ ROUTE R2212 SET ];

N5860,ON,1,2 Aspect,CLEAR = [ ROUTE R2180 SET ];

N5863,ON,1,2 Aspect,CLEAR = [ ROUTE R2179 SET ];

N5866,ON,1,2 Aspect,CLEAR = [ ROUTE R2214 SET ];

N6136,ON,1,2 Aspect,CLEAR = [ ROUTE R2213 SET ];

N6151,ON,1,2 Aspect,CLEAR = [ ROUTE R5116 SET ];

N6154,ON,1,2 Aspect,CLEAR = [ ROUTE R2269 SET ];
CLEAR = [ ROUTE R2270 SET ];

N6194,ON,1,2 Aspect,CLEAR = [ ROUTE R1435 SET ];

N6199,ON,1,2 Aspect,CLEAR = [ ROUTE R2273 SET ];

N6247,ON,1,2 Aspect,CLEAR = [ ROUTE R4205 SET ];

N6250,ON,1,2 Aspect,CLEAR = [ ROUTE R4195 SET ];

N6253,ON,1,2 Aspect,CLEAR = [ ROUTE R2274 SET ];
CLEAR = [ TRACKCIRCUIT TC1947 ROUTE_LOCKED_UP ];
CLEAR = [ TRACKCIRCUIT TC1947 ROUTE_LOCKED_DOWN ];
N6286,ON,1,2 Aspect,CLEAR = [ ROUTE R4159 SET ];

N6287,ON,1,2 Aspect,CLEAR = [ ROUTE R4160 SET ];

N6312,ON,1,2 Aspect,CLEAR = [ ROUTE R2271 SET ];

N6313,ON,1,2 Aspect,CLEAR = [ ROUTE R2272 SET ];

N7538,ON,1,2 Aspect,CLEAR = [ ROUTE R3251 SET ];

N7571,ON,1,2 Aspect,CLEAR = [ ROUTE R3238 SET ];

N7574,ON,1,2 Aspect,CLEAR = [ ROUTE R3237 SET ];

N7578,ON,1,2 Aspect,CLEAR = [ ROUTE R3239 SET ];

N8873,ON,1,2 Aspect,CLEAR = [ ROUTE R4020 SET ];

N8877,ON,1,2 Aspect,CLEAR = [ ROUTE R4021 SET ];

N8881,ON,1,2 Aspect,CLEAR = [ ROUTE R3533 SET ];
CLEAR = [ ROUTE R4019 SET ];

N8903,ON,1,2 Aspect,CLEAR = [ ROUTE R4017 SET ];
CLEAR = [ ROUTE R4018 SET ];

N8933,ON,1,2 Aspect,CLEAR = [ ROUTE R3538 SET ];
CLEAR = [ ROUTE R4154 SET ];

N8934,ON,1,2 Aspect,CLEAR = [ ROUTE R3534 SET ];

N8935,ON,1,2 Aspect,CLEAR = [ ROUTE R3539 SET ];
CLEAR = [ ROUTE R7257 SET ];

N8936,ON,1,2 Aspect,CLEAR = [ ROUTE R3535 SET ];

N8952,ON,1,2 Aspect,CLEAR = [ ROUTE R3250 SET ];

N8959,ON,1,2 Aspect,CLEAR = [ ROUTE R3537 SET ];
CLEAR = [ ROUTE R4156 SET ];

N8998,OFF,1,2 Aspect,CLEAR = [ TRACKCIRCUIT TC2625 CLEAR ];

N8999,ON,1,2 Aspect,CLEAR = [ ROUTE R3540 SET ];

N9347,ON,1,2 Aspect,CLEAR = [ ROUTE R3635 SET ];
CLEAR = [ ROUTE R3637 SET ];

N9383,ON,1,2 Aspect,CLEAR = [ ROUTE R4174 SET ];

N9400,ON,1,2 Aspect,CLEAR = [ ROUTE R5085 SET ];
CLEAR = [ ROUTE R5086 SET ];

N9402,ON,1,2 Aspect,CLEAR = [ ROUTE R4196 SET ];

N9432,ON,1,2 Aspect,CLEAR = [ ROUTE R3636 SET ];

N9440,ON,1,2 Aspect,CLEAR = [ ROUTE R4161 SET ];

N9450,ON,1,2 Aspect,CLEAR = [ ROUTE R5080 SET ];

N9459,ON,1,2 Aspect,CLEAR = [ ROUTE R5082 SET ];

N9460,ON,1,2 Aspect,CLEAR = [ ROUTE R3418 SET ];
CLEAR = [ ROUTE R3574 SET ];

N9490,ON,1,2 Aspect,CLEAR = [ ROUTE R3638 SET ];

N9506,ON,1,2 Aspect,CLEAR = [ ROUTE R3662 SET ];

N9507,ON,1,2 Aspect,CLEAR = [ ROUTE R3878 SET ];
CLEAR = [ ROUTE R3899 SET ];
CLEAR = [ ROUTE R3900 SET ];
CLEAR = [ ROUTE R5249 SET ];

N9517,ON,1,2 Aspect,CLEAR = [ ROUTE R3660 SET ];

N9551,ON,1,2 Aspect,CLEAR = [ ROUTE R3661 SET ];

N9552,ON,1,2 Aspect,CLEAR = [ ROUTE R2215 SET ];

N9553,ON,1,2 Aspect,CLEAR = [ ROUTE R3663 SET ];
CLEAR = [ TRACKCIRCUIT TC2749 ROUTE_LOCKED_UP ];
CLEAR = [ TRACKCIRCUIT TC2749 ROUTE_LOCKED_DOWN ];


N9574,ON,1,2 Aspect,CLEAR = [ ROUTE R3680 SET ];

N9575,ON,1,2 Aspect,CLEAR = [ ROUTE R3681 SET ];

N9589,ON,1,2 Aspect,CLEAR = [ ROUTE R3914 SET ];

N9591,OFF,1,2 Aspect,CLEAR = [ TRACKCIRCUIT TC2785 CLEAR ];

N9614,ON,1,2 Aspect,CLEAR = [ ROUTE R3915 SET ];
CLEAR = [ ROUTE R3916 SET ];

N9617,ON,1,2 Aspect,CLEAR = [ ROUTE R3917 SET ];
CLEAR = [ ROUTE R3918 SET ];

N9624,ON,1,2 Aspect,CLEAR = [ ROUTE R3682 SET ];

N9632,ON,1,2 Aspect,CLEAR = [ ROUTE R3922 SET ];
CLEAR = [ ROUTE R3923 SET ];

N9637,OFF,1,2 Aspect,CLEAR = [ TRACKCIRCUIT TC2815 CLEAR ];

N9640,ON,1,2 Aspect,CLEAR = [ ROUTE R3687 SET ];

N9643,ON,1,2 Aspect,CLEAR = [ ROUTE R3689 SET ];

N9646,ON,1,2 Aspect,CLEAR = [ ROUTE R3688 SET ];

N9651,OFF,1,2 Aspect,CLEAR = [ TRACKCIRCUIT TC2827 CLEAR ];

N9652,ON,1,2 Aspect,CLEAR = [ ROUTE R3690 SET ];

N9683,ON,1,2 Aspect,CLEAR = [ ROUTE R3683 SET ];
CLEAR = [ ROUTE R3684 SET ];
CLEAR = [ ROUTE R3685 SET ];
CLEAR = [ ROUTE R3686 SET ];

N9696,ON,1,2 Aspect,CLEAR = [ ROUTE R3816 SET ];
CLEAR = [ ROUTE R3929 SET ];

N9698,ON,1,2 Aspect,CLEAR = [ ROUTE R3928 SET ];

N9711,ON,1,2 Aspect,CLEAR = [ ROUTE R3691 SET ];

N9728,ON,1,2 Aspect,CLEAR = [ ROUTE R3692 SET ];

N9795,ON,1,2 Aspect,CLEAR = [ ROUTE R3920 SET ];
CLEAR = [ ROUTE R3921 SET ];

N9902,ON,1,2 Aspect,CLEAR = [ ROUTE R3812 SET ];

N9909,ON,1,2 Aspect,CLEAR = [ ROUTE R3813 SET ];

N9925,ON,1,2 Aspect,CLEAR = [ ROUTE R3817 SET ];

N9935,ON,1,2 Aspect,CLEAR = [ ROUTE R3818 SET ];

N9938,OFF,1,2 Aspect,CLEAR = [ TRACKCIRCUIT TC2923 CLEAR ];

N9939,OFF,1,2 Aspect,CLEAR = [ TRACKCIRCUIT TC2925 CLEAR ];

N10002,ON,1,2 Aspect,CLEAR = [ ROUTE R3825 SET ];

N10008,OFF,1,2 Aspect,CLEAR = [ TRACKCIRCUIT TC2962 CLEAR ];

N10009,OFF,1,2 Aspect,CLEAR = [ TRACKCIRCUIT TC2964 CLEAR ];

N10020,OFF,1,2 Aspect,CLEAR = [ TRACKCIRCUIT TC2959 CLEAR ];

N10033,ON,1,2 Aspect,CLEAR = [ ROUTE R5092 SET ];

N10034,ON,1,2 Aspect,CLEAR = [ ROUTE R5094 SET ];

N10035,OFF,1,2 Aspect,CLEAR = [ TRACKCIRCUIT TC2972 CLEAR ];

N10140,OFF,1,2 Aspect,CLEAR = [ TRACKCIRCUIT TC3017 CLEAR ];

N10147,ON,1,2 Aspect,CLEAR = [ ROUTE R3887 SET ];

N10154,ON,1,2 Aspect,CLEAR = [ ROUTE R3856 SET ];
CLEAR = [ ROUTE R3859 SET ];

N10155,ON,1,2 Aspect,CLEAR = [ ROUTE R3857 SET ];
CLEAR = [ ROUTE R3860 SET ];

N10156,ON,1,2 Aspect,CLEAR = [ ROUTE R3846 SET ];
CLEAR = [ ROUTE R5152 SET ];
CLEAR = [ ROUTE R5226 SET ];
CLEAR = [ ROUTE R5244 SET ];

N10159,OFF,1,2 Aspect,CLEAR = [ TRACKCIRCUIT TC3048 CLEAR ];

N10162,ON,1,2 Aspect,CLEAR = [ ROUTE R3835 SET ];
CLEAR = [ ROUTE R5242 SET ];
CLEAR = [ TRACKCIRCUIT TC3049 ROUTE_LOCKED_UP ];
CLEAR = [ TRACKCIRCUIT TC3049 ROUTE_LOCKED_DOWN ];

N10194,OFF,1,2 Aspect,CLEAR = [ TRACKCIRCUIT TC3075 CLEAR ];

N10202,OFF,1,2 Aspect,CLEAR = [ TRACKCIRCUIT TC3088 CLEAR ];

N10217,ON,1,2 Aspect,CLEAR = [ ROUTE R3837 SET ];
CLEAR = [ ROUTE R3896 SET ];
CLEAR = [ ROUTE R3901 SET ];
CLEAR = [ ROUTE R3903 SET ];

N10218,ON,1,2 Aspect,CLEAR = [ ROUTE R3834 SET ];
CLEAR = [ ROUTE R3838 SET ];
CLEAR = [ ROUTE R3858 SET ];
CLEAR = [ ROUTE R3882 SET ];
CLEAR = [ ROUTE R3902 SET ];
CLEAR = [ ROUTE R5284 SET ];

N10221,ON,1,2 Aspect,CLEAR = [ ROUTE R3841 SET ];
CLEAR = [ ROUTE R3854 SET ];
CLEAR = [ ROUTE R3886 SET ];
CLEAR = [ ROUTE R5285 SET ];

N10222,ON,1,2 Aspect,CLEAR = [ ROUTE R3855 SET ];
CLEAR = [ ROUTE R3885 SET ];

N10224,ON,1,2 Aspect,CLEAR = [ ROUTE R3830 SET ];
CLEAR = [ TRACKCIRCUIT TC3096 ROUTE_LOCKED_UP ];
CLEAR = [ TRACKCIRCUIT TC3096 ROUTE_LOCKED_DOWN ];

N10228,ON,1,2 Aspect,CLEAR = [ ROUTE R3842 SET ];
CLEAR = [ ROUTE R5161 SET ];
CLEAR = [ ROUTE R5162 SET ];

N10233,ON,1,2 Aspect,CLEAR = [ ROUTE R5112 SET ];
CLEAR = [ ROUTE R5151 SET ];
CLEAR = [ ROUTE R5243 SET ];

N10235,ON,1,2 Aspect,CLEAR = [ ROUTE R3832 SET ];
CLEAR = [ ROUTE R3833 SET ];
CLEAR = [ ROUTE R5238 SET ];

N10236,ON,1,2 Aspect,CLEAR = [ ROUTE R3888 SET ];
CLEAR = [ ROUTE RG7272 SET ];
CLEAR = [ TRACKCIRCUIT TC3119 ROUTE_LOCKED_UP ];
CLEAR = [ TRACKCIRCUIT TC3119 ROUTE_LOCKED_DOWN ];

N10237,ON,1,2 Aspect,CLEAR = [ TRACKCIRCUIT TC3121 ROUTE_LOCKED_UP ];
CLEAR = [ TRACKCIRCUIT TC3121 ROUTE_LOCKED_DOWN ];
N10238,ON,1,2 Aspect,CLEAR = [ ROUTE R5110 SET ];
CLEAR = [ ROUTE R5240 SET ];
CLEAR = [ TRACKCIRCUIT TC3122 ROUTE_LOCKED_UP ];
CLEAR = [ TRACKCIRCUIT TC3122 ROUTE_LOCKED_DOWN ];
N10239,ON,1,2 Aspect,CLEAR = [ ROUTE R3840 SET ];
CLEAR = [ ROUTE R5099 SET ];

N10240,ON,1,2 Aspect,CLEAR = [ ROUTE R3849 SET ];
CLEAR = [ ROUTE R3850 SET ];
CLEAR = [ ROUTE R5087 SET ];
CLEAR = [ ROUTE R5096 SET ];
CLEAR = [ ROUTE R5100 SET ];

N10242,ON,1,2 Aspect,CLEAR = [ ROUTE R3867 SET ];

N10243,ON,1,2 Aspect,CLEAR = [ ROUTE R3877 SET ];

N10245,ON,1,2 Aspect,CLEAR = [ ROUTE R3904 SET ];
CLEAR = [ ROUTE R5101 SET ];
CLEAR = [ ROUTE R5107 SET ];
CLEAR = [ ROUTE R5289 SET ];
CLEAR = [ ROUTE RG7269 SET ];

N10247,ON,1,2 Aspect,CLEAR = [ ROUTE R3892 SET ];
CLEAR = [ ROUTE R5088 SET ];
CLEAR = [ ROUTE R5095 SET ];
CLEAR = [ ROUTE R5103 SET ];
CLEAR = [ ROUTE R5273 SET ];
CLEAR = [ ROUTE R5275 SET ];
CLEAR = [ ROUTE R5292 SET ];

N10248,ON,1,2 Aspect,CLEAR = [ ROUTE R3843 SET ];
CLEAR = [ ROUTE R3881 SET ];
CLEAR = [ ROUTE R5115 SET ];
CLEAR = [ ROUTE R5200 SET ];

N10253,ON,1,2 Aspect,CLEAR = [ ROUTE R3828 SET ];

N10254,ON,1,2 Aspect,CLEAR = [ ROUTE R3829 SET ];

N10255,ON,1,2 Aspect,CLEAR = [ ROUTE R3865 SET ];
CLEAR = [ ROUTE R3876 SET ];
CLEAR = [ ROUTE R5113 SET ];

N10258,ON,1,2 Aspect,CLEAR = [ TRACKCIRCUIT TC3153 ROUTE_LOCKED_UP ];
CLEAR = [ TRACKCIRCUIT TC3153 ROUTE_LOCKED_DOWN ];
N10266,ON,1,2 Aspect,CLEAR = [ ROUTE R3826 SET ];
CLEAR = [ ROUTE R3893 SET ];
CLEAR = [ ROUTE R5185 SET ];
CLEAR = [ ROUTE R5229 SET ];
CLEAR = [ ROUTE R5259 SET ];

N10267,ON,1,2 Aspect,CLEAR = [ ROUTE R3827 SET ];
CLEAR = [ ROUTE R3839 SET ];
CLEAR = [ ROUTE R3894 SET ];
CLEAR = [ ROUTE R5186 SET ];
CLEAR = [ ROUTE R5230 SET ];
CLEAR = [ ROUTE R5262 SET ];

N10424,ON,1,2 Aspect,CLEAR = [ ROUTE R3868 SET ];

N10425,ON,1,2 Aspect,CLEAR = [ ROUTE R3870 SET ];

N10426,ON,1,2 Aspect,CLEAR = [ ROUTE R3869 SET ];
CLEAR = [ ROUTE R3872 SET ];
CLEAR = [ ROUTE R3873 SET ];
CLEAR = [ ROUTE R3895 SET ];
CLEAR = [ ROUTE R5187 SET ];
CLEAR = [ ROUTE R5231 SET ];
CLEAR = [ ROUTE R5261 SET ];

N10427,ON,1,2 Aspect,CLEAR = [ ROUTE R5079 SET ];

N10428,ON,1,2 Aspect,CLEAR = [ ROUTE R3874 SET ];
CLEAR = [ ROUTE R3875 SET ];
CLEAR = [ ROUTE R5188 SET ];
CLEAR = [ ROUTE R5232 SET ];
CLEAR = [ ROUTE R5260 SET ];

N10458,ON,1,2 Aspect,CLEAR = [ ROUTE R5155 SET ];
CLEAR = [ ROUTE R5213 SET ];
CLEAR = [ TRACKCIRCUIT TC3077 ROUTE_LOCKED_UP ];
CLEAR = [ TRACKCIRCUIT TC3077 ROUTE_LOCKED_DOWN ];

N10459,ON,1,2 Aspect,CLEAR = [ ROUTE R5212 SET ];

N10490,ON,1,2 Aspect,CLEAR = [ ROUTE R3883 SET ];
CLEAR = [ ROUTE R3891 SET ];
CLEAR = [ ROUTE R5104 SET ];
CLEAR = [ ROUTE R5108 SET ];
CLEAR = [ ROUTE R5153 SET ];
CLEAR = [ ROUTE R5274 SET ];
CLEAR = [ ROUTE R5286 SET ];
CLEAR = [ ROUTE RG7270 SET ];

N10515,ON,1,2 Aspect,CLEAR = [ ROUTE R3897 SET ];
CLEAR = [ ROUTE R3898 SET ];
CLEAR = [ ROUTE R5239 SET ];
CLEAR = [ TRACKCIRCUIT TC3178 ROUTE_LOCKED_UP ];
CLEAR = [ TRACKCIRCUIT TC3178 ROUTE_LOCKED_DOWN ];

N10593,ON,1,2 Aspect,CLEAR = [ ROUTE R3908 SET ];

N10595,ON,1,2 Aspect,CLEAR = [ ROUTE R5074 SET ];

N10598,ON,1,2 Aspect,CLEAR = [ ROUTE R5072 SET ];

N10611,ON,1,2 Aspect,CLEAR = [ ROUTE R3906 SET ];

N10614,ON,1,2 Aspect,CLEAR = [ ROUTE R3907 SET ];

N10615,ON,1,2 Aspect,CLEAR = [ ROUTE R5149 SET ];

N10650,ON,1,2 Aspect,CLEAR = [ ROUTE R3910 SET ];

N10653,ON,1,2 Aspect,CLEAR = [ ROUTE R3909 SET ];

N10656,ON,1,2 Aspect,CLEAR = [ ROUTE R3913 SET ];

N10673,ON,1,2 Aspect,CLEAR = [ ROUTE R3911 SET ];

N10676,ON,1,2 Aspect,CLEAR = [ ROUTE R3912 SET ];

N10681,ON,1,2 Aspect,CLEAR = [ ROUTE R3919 SET ];
CLEAR = [ ROUTE R3924 SET ];
CLEAR = [ ROUTE R3925 SET ];

N10718,ON,1,2 Aspect,CLEAR = [ ROUTE R3926 SET ];
CLEAR = [ ROUTE R3927 SET ];

N10719,ON,1,2 Aspect,CLEAR = [ ROUTE R3931 SET ];

N10734,ON,1,2 Aspect,CLEAR = [ ROUTE R3930 SET ];

N10736,ON,1,2 Aspect,CLEAR = [ ROUTE R3933 SET ];

N10777,ON,1,2 Aspect,CLEAR = [ ROUTE R3932 SET ];

N10781,ON,1,2 Aspect,CLEAR = [ ROUTE R3937 SET ];
CLEAR = [ ROUTE R3938 SET ];

N10805,ON,1,2 Aspect,CLEAR = [ ROUTE R3934 SET ];
CLEAR = [ ROUTE R3935 SET ];

N10818,ON,1,2 Aspect,CLEAR = [ ROUTE R3936 SET ];

N10819,ON,1,2 Aspect,CLEAR = [ ROUTE R4144 SET ];

N10821,OFF,1,2 Aspect,CLEAR = [ TRACKCIRCUIT TC3344 CLEAR ];

N10825,ON,1,2 Aspect,CLEAR = [ ROUTE R3940 SET ];

N10829,ON,1,2 Aspect,CLEAR = [ ROUTE R3939 SET ];

N10865,ON,1,2 Aspect,CLEAR = [ ROUTE R3942 SET ];

N10873,ON,1,2 Aspect,CLEAR = [ ROUTE R3941 SET ];

N10877,ON,1,2 Aspect,CLEAR = [ ROUTE R3945 SET ];

N10883,ON,1,2 Aspect,CLEAR = [ ROUTE R3943 SET ];

N10889,ON,1,2 Aspect,CLEAR = [ ROUTE R3944 SET ];

N10891,ON,1,2 Aspect,CLEAR = [ ROUTE R3947 SET ];

N10945,ON,1,2 Aspect,CLEAR = [ ROUTE R3946 SET ];

N10947,ON,1,2 Aspect,CLEAR = [ ROUTE R3949 SET ];

N10953,ON,1,2 Aspect,CLEAR = [ ROUTE R3948 SET ];

N10957,ON,1,2 Aspect,CLEAR = [ ROUTE R3952 SET ];

N10975,ON,1,2 Aspect,CLEAR = [ ROUTE R3950 SET ];

N10977,ON,1,2 Aspect,CLEAR = [ ROUTE R3951 SET ];

N10979,ON,1,2 Aspect,CLEAR = [ ROUTE R3957 SET ];
CLEAR = [ ROUTE R3958 SET ];

N11057,ON,1,2 Aspect,CLEAR = [ ROUTE R3953 SET ];
CLEAR = [ ROUTE R3954 SET ];
CLEAR = [ ROUTE R3955 SET ];
CLEAR = [ ROUTE R3956 SET ];

N11069,ON,1,2 Aspect,CLEAR = [ ROUTE R3960 SET ];

N11070,ON,1,2 Aspect,CLEAR = [ ROUTE R3961 SET ];

N11086,ON,1,2 Aspect,CLEAR = [ ROUTE R3959 SET ];

N11092,ON,1,2 Aspect,CLEAR = [ ROUTE R3963 SET ];

N11100,ON,1,2 Aspect,CLEAR = [ ROUTE R3962 SET ];

N11104,ON,1,2 Aspect,CLEAR = [ ROUTE R3965 SET ];

N11112,ON,1,2 Aspect,CLEAR = [ ROUTE R3964 SET ];

N11114,ON,1,2 Aspect,CLEAR = [ ROUTE R3967 SET ];

N11165,ON,1,2 Aspect,CLEAR = [ ROUTE R3966 SET ];

N11169,ON,1,2 Aspect,CLEAR = [ ROUTE R3969 SET ];

N11177,ON,1,2 Aspect,CLEAR = [ ROUTE R3968 SET ];

N11185,ON,1,2 Aspect,CLEAR = [ ROUTE R3975 SET ];
CLEAR = [ ROUTE R3976 SET ];
CLEAR = [ ROUTE R3977 SET ];
CLEAR = [ ROUTE R3978 SET ];
CLEAR = [ ROUTE R3979 SET ];
CLEAR = [ ROUTE R3980 SET ];
CLEAR = [ ROUTE R3981 SET ];
CLEAR = [ ROUTE R3982 SET ];
CLEAR = [ ROUTE R4008 SET ];
CLEAR = [ ROUTE R4013 SET ];
CLEAR = [ ROUTE R4014 SET ];

N11193,OFF,1,2 Aspect,CLEAR = [ TRACKCIRCUIT TC3496 CLEAR ];

N11195,ON,1,2 Aspect,CLEAR = [ ROUTE R3974 SET ];
CLEAR = [ ROUTE R3991 SET ];
CLEAR = [ ROUTE R3992 SET ];
CLEAR = [ ROUTE R3993 SET ];
CLEAR = [ ROUTE R3994 SET ];
CLEAR = [ ROUTE R3995 SET ];
CLEAR = [ ROUTE R3996 SET ];
CLEAR = [ ROUTE R4010 SET ];

N11198,ON,1,2 Aspect,CLEAR = [ ROUTE R3983 SET ];
CLEAR = [ ROUTE R3984 SET ];
CLEAR = [ ROUTE R3985 SET ];
CLEAR = [ ROUTE R3986 SET ];
CLEAR = [ ROUTE R3987 SET ];
CLEAR = [ ROUTE R3988 SET ];
CLEAR = [ ROUTE R3989 SET ];
CLEAR = [ ROUTE R3990 SET ];
CLEAR = [ ROUTE R4009 SET ];
CLEAR = [ ROUTE R4146 SET ];

N11232,ON,1,2 Aspect,CLEAR = [ ROUTE R3970 SET ];

N11236,ON,1,2 Aspect,CLEAR = [ ROUTE R3971 SET ];
CLEAR = [ ROUTE R4007 SET ];

N11241,ON,1,2 Aspect,CLEAR = [ ROUTE R3972 SET ];
CLEAR = [ ROUTE R4005 SET ];

N11243,ON,1,2 Aspect,CLEAR = [ ROUTE R3973 SET ];
CLEAR = [ ROUTE R4006 SET ];

N11268,ON,1,2 Aspect,CLEAR = [ ROUTE R4016 SET ];

N11282,OFF,1,2 Aspect,CLEAR = [ TRACKCIRCUIT TC3565 CLEAR ];

N11283,OFF,1,2 Aspect,CLEAR = [ TRACKCIRCUIT TC3566 CLEAR ];

N11284,OFF,1,2 Aspect,CLEAR = [ TRACKCIRCUIT TC3567 CLEAR ];

N11285,OFF,1,2 Aspect,CLEAR = [ TRACKCIRCUIT TC3568 CLEAR ];

N11286,OFF,1,2 Aspect,CLEAR = [ TRACKCIRCUIT TC3569 CLEAR ];

N11287,OFF,1,2 Aspect,CLEAR = [ TRACKCIRCUIT TC3570 CLEAR ];

N11299,ON,1,2 Aspect,CLEAR = [ ROUTE R4015 SET ];

N11309,ON,1,2 Aspect,CLEAR = [ ROUTE R4011 SET ];
CLEAR = [ ROUTE R4012 SET ];

N11314,ON,1,2 Aspect,CLEAR = [ ROUTE R4023 SET ];

N11330,ON,1,2 Aspect,CLEAR = [ ROUTE R4022 SET ];

N11374,ON,1,2 Aspect,CLEAR = [ ROUTE R4025 SET ];

N11382,ON,1,2 Aspect,CLEAR = [ ROUTE R4024 SET ];

N11386,ON,1,2 Aspect,CLEAR = [ ROUTE R4028 SET ];

N11394,ON,1,2 Aspect,CLEAR = [ ROUTE R4026 SET ];

N11404,ON,1,2 Aspect,CLEAR = [ ROUTE R4027 SET ];

N11408,ON,1,2 Aspect,CLEAR = [ ROUTE R4029 SET ];

N11479,ON,1,2 Aspect,CLEAR = [ ROUTE R4031 SET ];

N11483,ON,1,2 Aspect,CLEAR = [ ROUTE R4030 SET ];

N11486,ON,1,2 Aspect,CLEAR = [ ROUTE R4034 SET ];
CLEAR = [ ROUTE R4035 SET ];
CLEAR = [ ROUTE R4036 SET ];
CLEAR = [ ROUTE R4037 SET ];

N11515,ON,1,2 Aspect,CLEAR = [ ROUTE R4032 SET ];

N11516,ON,1,2 Aspect,CLEAR = [ ROUTE R4033 SET ];

N11524,ON,1,2 Aspect,CLEAR = [ ROUTE R4041 SET ];

N11528,ON,1,2 Aspect,CLEAR = [ ROUTE R4040 SET ];

N11545,ON,1,2 Aspect,CLEAR = [ ROUTE R4038 SET ];
CLEAR = [ ROUTE R4039 SET ];

N11550,ON,1,2 Aspect,CLEAR = [ ROUTE R4043 SET ];

N11559,ON,1,2 Aspect,CLEAR = [ ROUTE R4042 SET ];

N11564,ON,1,2 Aspect,CLEAR = [ ROUTE R4045 SET ];

N11569,ON,1,2 Aspect,CLEAR = [ ROUTE R4044 SET ];

N11668,ON,1,2 Aspect,CLEAR = [ ROUTE R4047 SET ];

N11671,ON,1,2 Aspect,CLEAR = [ ROUTE R4046 SET ];

N11676,ON,1,2 Aspect,CLEAR = [ ROUTE R4049 SET ];

N11679,ON,1,2 Aspect,CLEAR = [ ROUTE R4048 SET ];

N11682,ON,1,2 Aspect,CLEAR = [ ROUTE R4051 SET ];

N11687,ON,1,2 Aspect,CLEAR = [ ROUTE R4050 SET ];

N11690,ON,1,2 Aspect,CLEAR = [ ROUTE R4053 SET ];

N11695,ON,1,2 Aspect,CLEAR = [ ROUTE R4052 SET ];

N11715,ON,1,2 Aspect,CLEAR = [ ROUTE R4055 SET ];

N11718,ON,1,2 Aspect,CLEAR = [ ROUTE R4054 SET ];

N11727,ON,1,2 Aspect,CLEAR = [ ROUTE R4057 SET ];

N11732,ON,1,2 Aspect,CLEAR = [ ROUTE R4056 SET ];

N11737,ON,1,2 Aspect,CLEAR = [ ROUTE R4059 SET ];

N11742,ON,1,2 Aspect,CLEAR = [ ROUTE R4058 SET ];

N11840,ON,1,2 Aspect,CLEAR = [ ROUTE R4061 SET ];

N11843,ON,1,2 Aspect,CLEAR = [ ROUTE R4060 SET ];

N11844,ON,1,2 Aspect,CLEAR = [ ROUTE R4063 SET ];

N11849,ON,1,2 Aspect,CLEAR = [ ROUTE R4062 SET ];

N11869,ON,1,2 Aspect,CLEAR = [ ROUTE R4065 SET ];

N11874,ON,1,2 Aspect,CLEAR = [ ROUTE R4064 SET ];

N11881,ON,1,2 Aspect,CLEAR = [ ROUTE R4067 SET ];

N11886,ON,1,2 Aspect,CLEAR = [ ROUTE R4066 SET ];

N11891,ON,1,2 Aspect,CLEAR = [ ROUTE R4071 SET ];
CLEAR = [ ROUTE R4072 SET ];

N11893,ON,1,2 Aspect,CLEAR = [ ROUTE R4081 SET ];
CLEAR = [ ROUTE R4082 SET ];
CLEAR = [ ROUTE R4083 SET ];
CLEAR = [ ROUTE R4084 SET ];

N11914,ON,1,2 Aspect,CLEAR = [ ROUTE R4068 SET ];

N11915,ON,1,2 Aspect,CLEAR = [ ROUTE R4069 SET ];

N11918,ON,1,2 Aspect,CLEAR = [ ROUTE R4086 SET ];

N11929,ON,1,2 Aspect,CLEAR = [ ROUTE R4070 SET ];

N11936,ON,1,2 Aspect,CLEAR = [ ROUTE R4076 SET ];
CLEAR = [ ROUTE R4077 SET ];
CLEAR = [ ROUTE R4147 SET ];

N11939,ON,1,2 Aspect,CLEAR = [ ROUTE R4087 SET ];

N11942,OFF,1,2 Aspect,CLEAR = [ TRACKCIRCUIT TC3806 CLEAR ];

N11945,OFF,1,2 Aspect,CLEAR = [ TRACKCIRCUIT TC3807 CLEAR ];

N11946,OFF,1,2 Aspect,CLEAR = [ TRACKCIRCUIT TC3808 CLEAR ];

N11952,OFF,1,2 Aspect,CLEAR;
N11957,ON,1,2 Aspect,CLEAR = [ ROUTE R4078 SET ];

N11961,ON,1,2 Aspect,CLEAR = [ ROUTE R4093 SET ];
CLEAR = [ ROUTE R4097 SET ];
CLEAR = [ ROUTE R4098 SET ];
CLEAR = [ ROUTE R4099 SET ];
CLEAR = [ TRACKCIRCUIT TC3816 ROUTE_LOCKED_UP ];
CLEAR = [ TRACKCIRCUIT TC3816 ROUTE_LOCKED_DOWN ];

N11968,OFF,1,2 Aspect,CLEAR = [ TRACKCIRCUIT TC3825 CLEAR ];

N11971,ON,1,2 Aspect,CLEAR = [ ROUTE R4108 SET ];

N11972,ON,1,2 Aspect,CLEAR = [ ROUTE R4101 SET ];
CLEAR = [ ROUTE R4102 SET ];
CLEAR = [ ROUTE R4103 SET ];
CLEAR = [ ROUTE R4104 SET ];

N11980,OFF,1,2 Aspect,CLEAR = [ TRACKCIRCUIT TC3830 CLEAR ];

N11981,OFF,1,2 Aspect,CLEAR = [ TRACKCIRCUIT TC3831 CLEAR ];

N11994,ON,1,2 Aspect,CLEAR = [ ROUTE R4089 SET ];
CLEAR = [ ROUTE R4090 SET ];

N11997,ON,1,2 Aspect,CLEAR = [ ROUTE R4073 SET ];
CLEAR = [ ROUTE R4091 SET ];
CLEAR = [ ROUTE R4139 SET ];
CLEAR = [ ROUTE R4140 SET ];
CLEAR = [ ROUTE R4141 SET ];
CLEAR = [ TRACKCIRCUIT TC3842 ROUTE_LOCKED_UP ];
CLEAR = [ TRACKCIRCUIT TC3842 ROUTE_LOCKED_DOWN ];

N12000,OFF,1,2 Aspect,CLEAR = [ TRACKCIRCUIT TC3845 CLEAR ];

N12010,ON,1,2 Aspect,CLEAR = [ ROUTE R4074 SET ];
CLEAR = [ ROUTE R4075 SET ];

N12012,ON,1,2 Aspect,CLEAR = [ ROUTE R4109 SET ];

N12014,ON,1,2 Aspect,CLEAR = [ ROUTE R4110 SET ];

N12026,OFF,1,2 Aspect,CLEAR = [ TRACKCIRCUIT TC3861 CLEAR ];

N12676,ON,1,2 Aspect,CLEAR = [ ROUTE R4163 SET ];

N12677,ON,1,2 Aspect,CLEAR = [ ROUTE R4176 SET ];

N12700,ON,1,2 Aspect,CLEAR = [ ROUTE R4162 SET ];

N12705,ON,1,2 Aspect,CLEAR = [ ROUTE R4985 SET ];

N12746,ON,1,2 Aspect,CLEAR = [ ROUTE R4175 SET ];
CLEAR = [ ROUTE R4241 SET ];

N12747,ON,1,2 Aspect,CLEAR = [ ROUTE R5083 SET ];

N12748,ON,1,2 Aspect,CLEAR = [ ROUTE R5084 SET ];

N12768,ON,1,2 Aspect,CLEAR = [ ROUTE R5081 SET ];

N12769,ON,1,2 Aspect,CLEAR = [ ROUTE R4984 SET ];

N12865,ON,1,2 Aspect,CLEAR = [ ROUTE R4194 SET ];

N12866,ON,1,2 Aspect,CLEAR = [ ROUTE R4204 SET ];

N12875,ON,1,2 Aspect,CLEAR = [ ROUTE R4164 SET ];

N12876,ON,1,2 Aspect,CLEAR = [ ROUTE R4177 SET ];

N12901,ON,1,2 Aspect,CLEAR = [ ROUTE R4193 SET ];

N12903,ON,1,2 Aspect,CLEAR = [ ROUTE R4203 SET ];

N13045,ON,1,2 Aspect,CLEAR = [ ROUTE R4165 SET ];
CLEAR = [ ROUTE R4173 SET ];
CLEAR = [ ROUTE R4255 SET ];

N13046,ON,1,2 Aspect,CLEAR = [ ROUTE R4178 SET ];
CLEAR = [ ROUTE R4259 SET ];

N13051,ON,1,2 Aspect,CLEAR = [ ROUTE R4261 SET ];
CLEAR = [ ROUTE R4262 SET ];

N13097,ON,1,2 Aspect,CLEAR = [ ROUTE R4192 SET ];
CLEAR = [ ROUTE R4258 SET ];

N13098,ON,1,2 Aspect,CLEAR = [ ROUTE R4206 SET ];
CLEAR = [ ROUTE R4256 SET ];
CLEAR = [ ROUTE R4257 SET ];
CLEAR = [ ROUTE R4270 SET ];

N13103,ON,1,2 Aspect,CLEAR = [ ROUTE R4166 SET ];

N13104,ON,1,2 Aspect,CLEAR = [ ROUTE R4179 SET ];

N13117,ON,1,2 Aspect,CLEAR = [ ROUTE R4167 SET ];

N13118,ON,1,2 Aspect,CLEAR = [ ROUTE R4180 SET ];

N13129,ON,1,2 Aspect,CLEAR = [ ROUTE R4191 SET ];

N13130,ON,1,2 Aspect,CLEAR = [ ROUTE R4202 SET ];

N13144,ON,1,2 Aspect,CLEAR = [ ROUTE R4168 SET ];

N13149,ON,1,2 Aspect,CLEAR = [ ROUTE R4181 SET ];

N13166,ON,1,2 Aspect,CLEAR = [ ROUTE R4190 SET ];

N13171,ON,1,2 Aspect,CLEAR = [ ROUTE R4201 SET ];

N13176,ON,1,2 Aspect,CLEAR = [ ROUTE R4169 SET ];

N13179,ON,1,2 Aspect,CLEAR = [ ROUTE R4182 SET ];

N13190,ON,1,2 Aspect,CLEAR = [ ROUTE R4189 SET ];

N13191,ON,1,2 Aspect,CLEAR = [ ROUTE R4200 SET ];

N13196,ON,1,2 Aspect,CLEAR = [ ROUTE R4170 SET ];

N13197,ON,1,2 Aspect,CLEAR = [ ROUTE R4183 SET ];

N13210,ON,1,2 Aspect,CLEAR = [ ROUTE R4268 SET ];
CLEAR = [ ROUTE R4269 SET ];

N13211,OFF,1,2 Aspect,CLEAR = [ TRACKCIRCUIT TC4203 CLEAR ];

N13214,OFF,1,2 Aspect,CLEAR = [ TRACKCIRCUIT TC4207 CLEAR ];

N13221,ON,1,2 Aspect,CLEAR = [ ROUTE R4263 SET ];
CLEAR = [ TRACKCIRCUIT TC4216 ROUTE_LOCKED_UP ];
CLEAR = [ TRACKCIRCUIT TC4216 ROUTE_LOCKED_DOWN ];
N13228,OFF,1,2 Aspect,CLEAR = [ TRACKCIRCUIT TC4226 CLEAR ];

N13230,OFF,1,2 Aspect,CLEAR = [ TRACKCIRCUIT TC4230 CLEAR ];

N13231,OFF,1,2 Aspect,CLEAR = [ TRACKCIRCUIT TC4232 CLEAR ];

N13304,ON,1,2 Aspect,CLEAR = [ ROUTE R4188 SET ];

N13305,ON,1,2 Aspect,CLEAR = [ ROUTE R4199 SET ];

N13306,ON,1,2 Aspect,CLEAR = [ ROUTE R4171 SET ];

N13307,ON,1,2 Aspect,CLEAR = [ ROUTE R4184 SET ];

N13328,ON,1,2 Aspect,CLEAR = [ ROUTE R4185 SET ];

N13329,ON,1,2 Aspect,CLEAR = [ ROUTE R4172 SET ];

N13334,ON,1,2 Aspect,CLEAR = [ ROUTE R4198 SET ];

N13335,ON,1,2 Aspect,CLEAR = [ ROUTE R4187 SET ];

N13368,ON,1,2 Aspect,CLEAR = [ ROUTE R4211 SET ];

N13369,ON,1,2 Aspect,CLEAR = [ ROUTE R4209 SET ];
CLEAR = [ ROUTE R4237 SET ];

N13386,ON,1,2 Aspect,CLEAR = [ ROUTE R4197 SET ];

N13387,ON,1,2 Aspect,CLEAR = [ ROUTE R4186 SET ];

N13605,ON,1,2 Aspect,CLEAR = [ ROUTE R4238 SET ];
CLEAR = [ TRACKCIRCUIT TC4277 ROUTE_LOCKED_UP ];
CLEAR = [ TRACKCIRCUIT TC4277 ROUTE_LOCKED_DOWN ];

N13608,ON,1,2 Aspect,CLEAR = [ ROUTE R4212 SET ];
CLEAR = [ ROUTE R4239 SET ];

N13619,ON,1,2 Aspect,CLEAR = [ ROUTE R4214 SET ];

N13621,ON,1,2 Aspect,CLEAR = [ ROUTE R4217 SET ];

N13623,ON,1,2 Aspect,CLEAR = [ ROUTE R4210 SET ];

N13626,ON,1,2 Aspect,CLEAR = [ ROUTE R4240 SET ];
CLEAR = [ TRACKCIRCUIT TC4290 ROUTE_LOCKED_UP ];
CLEAR = [ TRACKCIRCUIT TC4290 ROUTE_LOCKED_DOWN ];

N13637,ON,1,2 Aspect,CLEAR = [ ROUTE R4236 SET ];
CLEAR = [ TRACKCIRCUIT TC4297 ROUTE_LOCKED_UP ];
CLEAR = [ TRACKCIRCUIT TC4297 ROUTE_LOCKED_DOWN ];

N13641,ON,1,2 Aspect,CLEAR = [ ROUTE R4216 SET ];

N13643,ON,1,2 Aspect,CLEAR = [ ROUTE R4207 SET ];

N13647,ON,1,2 Aspect,CLEAR = [ ROUTE R4208 SET ];

N13657,ON,1,2 Aspect,CLEAR = [ ROUTE R4213 SET ];
CLEAR = [ ROUTE R4235 SET ];

N13661,ON,1,2 Aspect,CLEAR = [ ROUTE R4215 SET ];

N13663,ON,1,2 Aspect,CLEAR = [ ROUTE R4221 SET ];

N13666,ON,1,2 Aspect,CLEAR = [ ROUTE R4220 SET ];

N13677,ON,1,2 Aspect,CLEAR = [ ROUTE R4219 SET ];

N13681,ON,1,2 Aspect,CLEAR = [ ROUTE R4218 SET ];

N13683,ON,1,2 Aspect,CLEAR = [ ROUTE R4223 SET ];

N13687,ON,1,2 Aspect,CLEAR = [ ROUTE R4222 SET ];

N13705,ON,1,2 Aspect,CLEAR = [ ROUTE R4225 SET ];

N13709,ON,1,2 Aspect,CLEAR = [ ROUTE R4226 SET ];

N13711,ON,1,2 Aspect,CLEAR = [ ROUTE R4224 SET ];

N13715,ON,1,2 Aspect,CLEAR = [ ROUTE R4254 SET ];

N13729,ON,1,2 Aspect,CLEAR = [ ROUTE R4229 SET ];

N13730,ON,1,2 Aspect,CLEAR = [ ROUTE R4230 SET ];

N13837,ON,1,2 Aspect,CLEAR = [ ROUTE R4227 SET ];

N13842,ON,1,2 Aspect,CLEAR = [ ROUTE R4228 SET ];

N13843,ON,1,2 Aspect,CLEAR = [ ROUTE R4233 SET ];

N13848,ON,1,2 Aspect,CLEAR = [ ROUTE R4234 SET ];

N13857,ON,1,2 Aspect,CLEAR = [ ROUTE R4231 SET ];

N13861,ON,1,2 Aspect,CLEAR = [ ROUTE R4232 SET ];

N13863,ON,1,2 Aspect,CLEAR = [ ROUTE R4244 SET ];

N13866,ON,1,2 Aspect,CLEAR = [ ROUTE R4245 SET ];

N13875,ON,1,2 Aspect,CLEAR = [ ROUTE R4242 SET ];

N13880,ON,1,2 Aspect,CLEAR = [ ROUTE R4243 SET ];

N13881,ON,1,2 Aspect,CLEAR = [ ROUTE R4250 SET ];

N13883,ON,1,2 Aspect,CLEAR = [ ROUTE R4251 SET ];

N13915,ON,1,2 Aspect,CLEAR = [ ROUTE R4246 SET ];
CLEAR = [ ROUTE R4247 SET ];
CLEAR = [ ROUTE R4248 SET ];
CLEAR = [ ROUTE R4249 SET ];

N13936,ON,1,2 Aspect,CLEAR = [ ROUTE R4252 SET ];

N13947,ON,1,2 Aspect,CLEAR = [ ROUTE R5073 SET ];

N13949,ON,1,2 Aspect,CLEAR = [ ROUTE R4253 SET ];

N17899,ON,1,2 Aspect,CLEAR = [ ROUTE R4787 SET ];

N17900,ON,1,2 Aspect,CLEAR = [ ROUTE R4830 SET ];

N17905,ON,1,2 Aspect,CLEAR = [ ROUTE R4725 SET ];

N17906,ON,1,2 Aspect,CLEAR = [ ROUTE R4763 SET ];

N17911,ON,1,2 Aspect,CLEAR = [ ROUTE R4786 SET ];

N17912,ON,1,2 Aspect,CLEAR = [ ROUTE R4829 SET ];

N17917,ON,1,2 Aspect,CLEAR = [ ROUTE R4764 SET ];

N17918,ON,1,2 Aspect,CLEAR = [ ROUTE R4726 SET ];

N17923,ON,1,2 Aspect,CLEAR = [ ROUTE R4785 SET ];

N17924,ON,1,2 Aspect,CLEAR = [ ROUTE R4828 SET ];

N17929,ON,1,2 Aspect,CLEAR = [ ROUTE R4765 SET ];
CLEAR = [ ROUTE R4895 SET ];

N17930,ON,1,2 Aspect,CLEAR = [ ROUTE R4727 SET ];

N17940,ON,1,2 Aspect,CLEAR = [ ROUTE R4897 SET ];

N17950,OFF,1,2 Aspect,CLEAR = [ TRACKCIRCUIT TC5771 CLEAR ];

N17953,ON,1,2 Aspect,CLEAR = [ ROUTE R4784 SET ];

N17954,ON,1,2 Aspect,CLEAR = [ ROUTE R4826 SET ];
CLEAR = [ ROUTE R4827 SET ];

N17958,ON,1,2 Aspect,CLEAR = [ ROUTE R4933 SET ];

N17962,OFF,1,2 Aspect,CLEAR = [ TRACKCIRCUIT TC5793 CLEAR ];

N17965,ON,1,2 Aspect,CLEAR = [ ROUTE R4825 SET ];

N17976,ON,1,2 Aspect,CLEAR = [ ROUTE R4728 SET ];
CLEAR = [ ROUTE R4998 SET ];

N17977,ON,1,2 Aspect,CLEAR = [ ROUTE R4975 SET ];

N17982,OFF,1,2 Aspect,CLEAR = [ TRACKCIRCUIT TC5808 CLEAR ];

N17984,ON,1,2 Aspect,CLEAR = [ ROUTE R4901 SET ];

N17993,OFF,1,2 Aspect,CLEAR = [ TRACKCIRCUIT TC5814 CLEAR ];

N17995,ON,1,2 Aspect,CLEAR = [ ROUTE R4903 SET ];
CLEAR = [ ROUTE R4978 SET ];

N17996,OFF,1,2 Aspect,CLEAR = [ TRACKCIRCUIT TC5821 CLEAR ];

N18017,ON,1,2 Aspect,CLEAR = [ ROUTE R4900 SET ];
CLEAR = [ ROUTE R4931 SET ];
CLEAR = [ ROUTE R4932 SET ];

N18033,OFF,1,2 Aspect,CLEAR = [ TRACKCIRCUIT TC5849 CLEAR ];

N18037,ON,1,2 Aspect,CLEAR = [ ROUTE R4783 SET ];
CLEAR = [ ROUTE R4824 SET ];

N18041,ON,1,2 Aspect,CLEAR = [ ROUTE R4729 SET ];

N18042,ON,1,2 Aspect,CLEAR = [ ROUTE R4766 SET ];

N18047,ON,1,2 Aspect,CLEAR = [ ROUTE R4730 SET ];

N18048,ON,1,2 Aspect,CLEAR = [ ROUTE R4767 SET ];

N18281,ON,1,2 Aspect,CLEAR = [ ROUTE R5118 SET ];

N18285,ON,1,2 Aspect,CLEAR = [ ROUTE R4731 SET ];

N18286,ON,1,2 Aspect,CLEAR = [ ROUTE R4768 SET ];

N18291,ON,1,2 Aspect,CLEAR = [ ROUTE R4769 SET ];

N18292,ON,1,2 Aspect,CLEAR = [ ROUTE R4732 SET ];

N18296,ON,1,2 Aspect,CLEAR = [ ROUTE R4782 SET ];

N18300,ON,1,2 Aspect,CLEAR = [ ROUTE R4733 SET ];

N18301,ON,1,2 Aspect,CLEAR = [ ROUTE R4770 SET ];

N18305,ON,1,2 Aspect,CLEAR = [ ROUTE R4781 SET ];

N18308,ON,1,2 Aspect,CLEAR = [ ROUTE R4780 SET ];

N18312,ON,1,2 Aspect,CLEAR = [ ROUTE R4734 SET ];

N18313,ON,1,2 Aspect,CLEAR = [ ROUTE R4771 SET ];

N18317,ON,1,2 Aspect,CLEAR = [ ROUTE R4846 SET ];

N18321,ON,1,2 Aspect,CLEAR = [ ROUTE R4735 SET ];

N18322,ON,1,2 Aspect,CLEAR = [ ROUTE R4772 SET ];

N18328,OFF,1,2 Aspect,CLEAR = [ TRACKCIRCUIT TC5898 CLEAR ];

N18349,ON,1,2 Aspect,CLEAR = [ ROUTE R4823 SET ];

N18350,ON,1,2 Aspect,CLEAR = [ ROUTE R4779 SET ];

N18356,ON,1,2 Aspect,CLEAR = [ ROUTE R4736 SET ];

N18357,ON,1,2 Aspect,CLEAR = [ ROUTE R4773 SET ];

N18362,ON,1,2 Aspect,CLEAR = [ ROUTE R4778 SET ];

N18363,ON,1,2 Aspect,CLEAR = [ ROUTE R4822 SET ];

N18369,OFF,1,2 Aspect,CLEAR = [ TRACKCIRCUIT TC5914 CLEAR ];

N18439,ON,1,2 Aspect,CLEAR = [ ROUTE R4774 SET ];
CLEAR = [ ROUTE R4965 SET ];

N18440,ON,1,2 Aspect,CLEAR = [ ROUTE R4737 SET ];

N18446,ON,1,2 Aspect,CLEAR = [ ROUTE R4926 SET ];

N18449,ON,1,2 Aspect,CLEAR = [ ROUTE R4777 SET ];
CLEAR = [ ROUTE R4821 SET ];

N18452,ON,1,2 Aspect,CLEAR = [ ROUTE R4913 SET ];

N18455,ON,1,2 Aspect,CLEAR = [ ROUTE R4919 SET ];

N18456,ON,1,2 Aspect,CLEAR = [ ROUTE R4917 SET ];

N18471,ON,1,2 Aspect,CLEAR = [ ROUTE R4738 SET ];

N18474,ON,1,2 Aspect,CLEAR = [ ROUTE R4921 SET ];

N18477,ON,1,2 Aspect,CLEAR = [ ROUTE R4776 SET ];

N18480,ON,1,2 Aspect,CLEAR = [ ROUTE R4739 SET ];

N18490,ON,1,2 Aspect,CLEAR = [ ROUTE R4775 SET ];

N18493,ON,1,2 Aspect,CLEAR = [ ROUTE R4968 SET ];

N18497,ON,1,2 Aspect,CLEAR = [ ROUTE R4918 SET ];

N18498,ON,1,2 Aspect,CLEAR = [ ROUTE R4920 SET ];

N18500,ON,1,2 Aspect,CLEAR = [ ROUTE R4966 SET ];

N18521,ON,1,2 Aspect,CLEAR = [ ROUTE R4967 SET ];

N18575,ON,1,2 Aspect,CLEAR = [ ROUTE R4973 SET ];

N18578,ON,1,2 Aspect,CLEAR = [ ROUTE R4969 SET ];

N18581,ON,1,2 Aspect,CLEAR = [ ROUTE R4972 SET ];

N18584,ON,1,2 Aspect,CLEAR = [ ROUTE R4970 SET ];

N18588,ON,1,2 Aspect,CLEAR = [ ROUTE R4971 SET ];

N18591,ON,1,2 Aspect,CLEAR = [ ROUTE R4974 SET ];

N18593,ON,1,2 Aspect,CLEAR = [ ROUTE R5077 SET ];
CLEAR = [ ROUTE R5078 SET ];

N18596,ON,1,2 Aspect,CLEAR = [ ROUTE R4977 SET ];
CLEAR = [ ROUTE R4979 SET ];
CLEAR = [ ROUTE R4980 SET ];
CLEAR = [ ROUTE R4981 SET ];
CLEAR = [ ROUTE R4982 SET ];

N19056,ON,1,2 Aspect,CLEAR = [ ROUTE R4914 SET ];

N19058,ON,1,2 Aspect,CLEAR = [ ROUTE R4905 SET ];
CLEAR = [ ROUTE R4912 SET ];
CLEAR = [ ROUTE R4923 SET ];

N19175,ON,1,2 Aspect,CLEAR = [ ROUTE R5089 SET ];
CLEAR = [ ROUTE R5090 SET ];

N19183,ON,1,2 Aspect,CLEAR = [ ROUTE R5091 SET ];

N19189,ON,1,2 Aspect,CLEAR = [ ROUTE R5093 SET ];

N19193,ON,1,2 Aspect,CLEAR = [ ROUTE R5097 SET ];
CLEAR = [ ROUTE R5098 SET ];

N19198,ON,1,2 Aspect,CLEAR = [ ROUTE R5105 SET ];
CLEAR = [ ROUTE R5106 SET ];
CLEAR = [ ROUTE R5236 SET ];

N19201,ON,1,2 Aspect,CLEAR = [ ROUTE R5109 SET ];
CLEAR = [ ROUTE R5237 SET ];

N19215,ON,1,2 Aspect,CLEAR = [ ROUTE R5111 SET ];

N19227,ON,1,2 Aspect,CLEAR = [ ROUTE R5114 SET ];

N19235,ON,1,2 Aspect,CLEAR = [ ROUTE R5117 SET ];

N19249,ON,1,2 Aspect,CLEAR = [ ROUTE R5119 SET ];

N19300,ON,1,2 Aspect,CLEAR = [ ROUTE R5150 SET ];

N19318,ON,1,2 Aspect,CLEAR = [ ROUTE R5159 SET ];
CLEAR = [ ROUTE R5160 SET ];
CLEAR = [ ROUTE R5241 SET ];
CLEAR = [ TRACKCIRCUIT TC3179 ROUTE_LOCKED_UP ];
CLEAR = [ TRACKCIRCUIT TC3179 ROUTE_LOCKED_DOWN ];

N19399,ON,1,2 Aspect,CLEAR = [ ROUTE R5194 SET ];
CLEAR = [ ROUTE R5196 SET ];
CLEAR = [ ROUTE R5197 SET ];
CLEAR = [ ROUTE R5198 SET ];

N19409,ON,1,2 Aspect,CLEAR = [ ROUTE R5203 SET ];
CLEAR = [ ROUTE R5204 SET ];
CLEAR = [ ROUTE R5245 SET ];

N19425,ON,1,2 Aspect,CLEAR = [ ROUTE R5190 SET ];
CLEAR = [ ROUTE RG7278 SET ];

N19426,ON,1,2 Aspect,CLEAR = [ ROUTE R5189 SET ];
CLEAR = [ ROUTE R5265 SET ];
CLEAR = [ ROUTE R5266 SET ];
CLEAR = [ ROUTE R5267 SET ];
CLEAR = [ ROUTE R5268 SET ];

N19427,ON,1,2 Aspect,CLEAR = [ ROUTE R5199 SET ];
CLEAR = [ ROUTE R5264 SET ];
CLEAR = [ TRACKCIRCUIT TC6098 ROUTE_LOCKED_UP ];
CLEAR = [ TRACKCIRCUIT TC6098 ROUTE_LOCKED_DOWN ];

N19428,ON,1,2 Aspect,CLEAR = [ ROUTE R5191 SET ];
CLEAR = [ ROUTE R5192 SET ];
CLEAR = [ ROUTE R5193 SET ];
CLEAR = [ ROUTE R5195 SET ];
CLEAR = [ TRACKCIRCUIT TC6101 ROUTE_LOCKED_UP ];
CLEAR = [ TRACKCIRCUIT TC6101 ROUTE_LOCKED_DOWN ];

N19429,ON,1,2 Aspect,CLEAR = [ ROUTE R5263 SET ];

N19430,ON,1,2 Aspect,CLEAR = [ ROUTE R5201 SET ];
CLEAR = [ ROUTE R5202 SET ];

N19431,OFF,1,2 Aspect,CLEAR = [ TRACKCIRCUIT TC6104 CLEAR ];

N19432,OFF,1,2 Aspect,CLEAR = [ TRACKCIRCUIT TC6103 CLEAR ];

N19433,ON,1,2 Aspect,CLEAR = [ ROUTE R5206 SET ];

N19434,ON,1,2 Aspect,CLEAR = [ ROUTE R5205 SET ];

N19435,ON,1,2 Aspect,CLEAR = [ ROUTE R5247 SET ];

N19436,ON,1,2 Aspect,CLEAR = [ ROUTE R5184 SET ];

N19437,OFF,1,2 Aspect,CLEAR = [ TRACKCIRCUIT TC6106 CLEAR ];

N19438,OFF,1,2 Aspect,CLEAR = [ TRACKCIRCUIT TC6107 CLEAR ];

N19441,ON,1,2 Aspect,CLEAR = [ ROUTE R5210 SET ];
CLEAR = [ ROUTE R5211 SET ];

N19444,ON,1,2 Aspect,CLEAR = [ ROUTE R5220 SET ];
CLEAR = [ ROUTE R5221 SET ];
CLEAR = [ ROUTE R5222 SET ];
CLEAR = [ ROUTE R5223 SET ];
CLEAR = [ ROUTE R5228 SET ];
CLEAR = [ TRACKCIRCUIT TC6115 ROUTE_LOCKED_UP ];
CLEAR = [ TRACKCIRCUIT TC6115 ROUTE_LOCKED_DOWN ];

N19445,ON,1,2 Aspect,CLEAR = [ ROUTE R5253 SET ];
CLEAR = [ ROUTE R5257 SET ];
CLEAR = [ ROUTE R5258 SET ];
CLEAR = [ ROUTE R5269 SET ];
CLEAR = [ ROUTE R5270 SET ];
CLEAR = [ ROUTE R5271 SET ];
CLEAR = [ ROUTE R5272 SET ];

N19446,ON,1,2 Aspect,CLEAR = [ ROUTE R5214 SET ];
CLEAR = [ ROUTE R5246 SET ];
CLEAR = [ ROUTE R5248 SET ];
CLEAR = [ ROUTE R5256 SET ];
CLEAR = [ TRACKCIRCUIT TC6116 ROUTE_LOCKED_UP ];
CLEAR = [ TRACKCIRCUIT TC6116 ROUTE_LOCKED_DOWN ];

N19447,ON,1,2 Aspect,CLEAR = [ ROUTE R5217 SET ];

N19448,OFF,1,2 Aspect,CLEAR = [ TRACKCIRCUIT TC6109 CLEAR ];

N19451,ON,1,2 Aspect,CLEAR = [ ROUTE R5207 SET ];

N19456,ON,1,2 Aspect,CLEAR = [ ROUTE R5218 SET ];
CLEAR = [ ROUTE R5219 SET ];

N19457,ON,1,2 Aspect,CLEAR = [ ROUTE R5216 SET ];
CLEAR = [ ROUTE R5224 SET ];
CLEAR = [ ROUTE R5227 SET ];

N19463,ON,1,2 Aspect,CLEAR = [ ROUTE R5234 SET ];
CLEAR = [ ROUTE R5235 SET ];

N19464,OFF,1,2 Aspect,CLEAR = [ TRACKCIRCUIT TC6121 CLEAR ];

N19468,ON,1,2 Aspect,CLEAR = [ ROUTE R3880 SET ];

N19469,OFF,1,2 Aspect,CLEAR = [ TRACKCIRCUIT TC3225 CLEAR ];

N19470,ON,1,2 Aspect,CLEAR = [ ROUTE R5225 SET ];

N19471,OFF,1,2 Aspect,CLEAR = [ TRACKCIRCUIT TC3226 CLEAR ];

N19472,ON,1,2 Aspect,CLEAR = [ ROUTE R5215 SET ];

N19475,ON,1,2 Aspect,CLEAR = [ ROUTE R5288 SET ];
CLEAR = [ ROUTE R7254 SET ];

N19476,ON,1,2 Aspect,CLEAR = [ ROUTE R5287 SET ];
CLEAR = [ TRACKCIRCUIT TC6125 ROUTE_LOCKED_UP ];
CLEAR = [ TRACKCIRCUIT TC6125 ROUTE_LOCKED_DOWN ];

N19477,ON,1,2 Aspect,CLEAR = [ ROUTE R5290 SET ];
CLEAR = [ TRACKCIRCUIT TC2759 ROUTE_LOCKED_UP ];
CLEAR = [ TRACKCIRCUIT TC2759 ROUTE_LOCKED_DOWN ];

N19478,ON,1,2 Aspect,CLEAR = [ ROUTE R3831 SET ];
CLEAR = [ ROUTE R5291 SET ];

